Acc_X;Acc_Y;Acc_Z;Gyro_X;Gyro_Y;Gyro_Z;Tilt_X;Tilt_Y;Tilt_Z;Mag_X;Mag_Y;Mag_Z;Head;Temp;Press;Lat;Lng;X;Y;delta_Alt;delta_X;delta_Y;delta_Lat;delta_Lng
0.537009375;0.503178125;0.8066249999999999;0.50054805;0.500104275;0.5011266;0.49309027777777775;0.48136388888888887;0.5748761111111111;0.5052093166666667;0.49805165;0.49158171666666667;0.6892133333333333;0.4975008;0.759440105263158;42.590588;-8.935542;-494699.98540190933;5249861.341734557;0.5;0.0;0.0;0.0;0.0
0.50581875;0.496125;0.8071875;0.499911225;0.5001997499999999;0.500646425;0.4964405555555556;0.486915;0.5875494444444445;0.5051106833333333;0.49751876666666667;0.49159885000000003;0.6742397222222223;0.49755119999999997;0.7594342105263158;42.590527;-8.935472;-494692.1930375538;5249852.118141302;0.50469;7.792364355525933;-9.223593255504966;-6.099999999520378e-05;6.999999999912632e-05
0.5206;0.46999375;0.8153718750000001;0.49994150000000004;0.49997585;0.4995397;0.49373999999999996;0.49340944444444446;0.5935708333333333;0.50526715;0.49744283333333333;0.49155935;0.674206388888889;0.4975624;0.7594013684210525;42.590462;-8.935402;-494684.4006731983;5249842.289732192;0.52575;7.792364355525933;-9.828409110195935;-6.49999999993156e-05;7.000000000090267e-05
0.495725;0.468175;0.8075593750000001;0.50065995;0.50024795;0.499126425;0.49084083333333334;0.49581916666666664;0.5840452777777778;0.5057729666666667;0.4976832666666667;0.4915430666666667;0.6853363888888889;0.49758;0.7593958947368421;42.590393;-8.93534;-494677.498864769;5249831.85650912;0.50428;6.901808429276571;-10.43322307150811;-6.900000000342743e-05;6.199999999978445e-05
0.478853125;0.48198125;0.802225;0.5000089;0.500083925;0.499412525;0.48997111111111114;0.5021019444444444;0.5739175;0.5056720833333334;0.4975003166666667;0.4917689666666667;0.6799705555555555;0.4975904;0.7594193684210526;42.590275;-8.935234;-494665.69899874483;5249814.014212371;0.48158;11.799866024171934;-17.84229674935341;-0.00011800000000050659;0.00010600000000060561
0.438828125;0.484434375;0.8058000000000001;0.4997495;0.49993642499999996;0.499453225;0.49105333333333334;0.5130552777777778;0.5666452777777777;0.5061524166666667;0.49746153333333337;0.4916770833333333;0.6839111111111111;0.4975768;0.7594014736842106;42.590214;-8.9352;-494661.91413605795;5249804.790665433;0.51408;3.784862686879933;-9.223546938039362;-6.099999999520378e-05;3.399999999942338e-05
0.512603125;0.46685625;0.8029875;0.49978500000000003;0.49985435;0.498381175;0.48703833333333335;0.5124316666666667;0.5544280555555555;0.5062253166666667;0.49726825;0.49153298333333334;0.6802555555555555;0.4975936;0.7593550526315789;42.590157;-8.935167;-494658.2405928618;5249796.1719494;0.53634;3.673543196171522;-8.618716033175588;-5.700000000530281e-05;3.300000000017178e-05
0.52974375;0.52660625;0.803396875;0.500411975;0.50008775;0.5010859249999999;0.49258416666666666;0.5001869444444444;0.5449511111111112;0.5058165666666666;0.49768836666666666;0.4917449;0.6858086111111111;0.4976192;0.7593352631578948;42.590096;-8.935117;-494652.67461832205;5249786.948419924;0.51554;5.565974539727904;-9.223529475741088;-6.099999999520378e-05;4.999999999988347e-05
0.528746875;0.5325124999999999;0.81603125;0.5006485;0.50003815;0.502407075;0.5101419444444445;0.4940477777777778;0.5774638888888889;0.5057478333333334;0.49804706666666665;0.49183743333333335;0.6940186111111111;0.497616;0.7593267368421053;42.590042;-8.935046;-494644.7709344758;5249778.783335784;0.50678;7.903683846234344;-8.165084139443934;-5.400000000577165e-05;7.100000000015427e-05
0.5325;0.489396875;0.8061875000000001;0.49955622499999996;0.499718975;0.499538425;0.5069605555555555;0.48705666666666664;0.5894266666666667;0.5056321333333333;0.49778175;0.4919961166666667;0.6864633333333333;0.4976016;0.7592894736842106;42.58997;-8.93498;-494637.4238480835;5249767.896567943;0.52915;7.347086392343044;-10.886767841875553;-7.199999999585316e-05;6.600000000034356e-05
0.533821875;0.495621875;0.8105875;0.49982245000000003;0.4998918;0.499569975;0.5003219444444444;0.48432916666666664;0.57982;0.5059245166666666;0.49787760000000003;0.4918514666666667;0.6913983333333333;0.49759119999999996;0.7592437894736842;42.589897;-8.934916;-494630.29940067267;5249756.858607827;0.53592;7.1244474108098075;-11.03796011582017;-7.300000000043383e-05;6.4000000000064e-05
0.527925;0.497246875;0.8063875;0.500263225;0.5000127249999999;0.499869025;0.49797555555555556;0.4847286111111111;0.5766436111111111;0.50577635;0.4976390333333333;0.49171748333333337;0.6843575;0.4976048;0.7591896842105262;42.589821;-8.934847;-494622.61835580796;5249745.367046647;0.5424;7.681044864701107;-11.491561179980636;-7.599999999996498e-05;6.899999999987472e-05
0.521009375;0.490740625;0.807421875;0.4997724;0.5000711999999999;0.499871575;0.49659611111111107;0.48522444444444446;0.5758144444444445;0.5058191333333333;0.49768638333333337;0.49170070000000005;0.6858241666666667;0.4976064;0.7591163157894736;42.589741;-8.934776;-494614.7146719616;5249733.270681594;0.55759;7.903683846350759;-12.096365053206682;-8.000000000407681e-05;7.100000000015427e-05
0.499453125;0.488559375;0.806125;0.500258125;0.500043225;0.499791475;0.49554944444444443;0.4920413888888889;0.57319;0.5056885166666667;0.4975998833333333;0.4917407;0.6825805555555556;0.497616;0.7590843157894737;42.589653;-8.934706;-494606.9223076062;5249719.964697968;0.52516;7.792364355409518;-13.305983625352383;-8.79999999980896e-05;6.999999999912632e-05
0.48254375;0.48533125;0.7998468750000001;0.499987525;0.49998197499999997;0.499571375;0.4943902777777778;0.4980941666666666;0.5698838888888889;0.5057713833333333;0.4976613166666667;0.49173295;0.6848305555555555;0.4976072;0.7590645263157895;42.589569;-8.934638;-494599.3525822321;5249707.263549306;0.51539;7.569725374109112;-12.701148661784828;-8.400000000108321e-05;6.800000000062312e-05
0.4914625;0.46530625;0.80398125;0.5000229;0.50002415;0.4986992;0.4909719444444444;0.5028216666666667;0.5590425;0.506205;0.4977239666666667;0.49183804999999997;0.6901869444444444;0.4975736;0.7590468421052632;42.589493;-8.934579;-494592.7847322753;5249695.772048598;0.5139199999999999;6.5678499568020925;-11.491500708274543;-7.599999999996498e-05;5.9000000000253294e-05
0.504671875;0.454265625;0.809703125;0.49997457500000003;0.49976985;0.49789175;0.4859313888888889;0.49843861111111115;0.5359636111111111;0.5065891833333334;0.49713865;0.49155651666666667;0.6811097222222222;0.497576;0.7590106315789474;42.589409;-8.934527;-494586.99611875403;5249683.070932536;0.5284500000000001;5.788613521261141;-12.701116061769426;-8.399999999397778e-05;5.200000000016303e-05
0.508125;0.44914375;0.7976156249999999;0.499455775;0.5004069;0.49769975;0.4779230555555556;0.4971886111111111;0.5056736111111111;0.50721805;0.49729935000000003;0.4918135666666667;0.6889786111111111;0.49755520000000003;0.7589629473684211;42.589317;-8.934492;-494583.09993657644;5249669.160206013;0.53741;3.8961821775883436;-13.910726523026824;-9.200000000220143e-05;3.499999999867498e-05
0.49946875;0.4749875;0.80740625;0.50038285;0.5000874;0.498901375;0.4784227777777778;0.49731444444444445;0.48269249999999997;0.5077693166666666;0.4975176666666667;0.4915685;0.6969052777777778;0.4975632;0.7589367368421053;42.589245;-8.934488;-494582.65465861314;5249658.273564794;0.5206099999999999;0.44527796329930425;-10.886641219258308;-7.200000000295859e-05;4.000000000559112e-06
0.495253125;0.498503125;0.803496875;0.499949125;0.5004107250000001;0.500001275;0.4881158333333333;0.5002886111111111;0.47697833333333334;0.507768;0.4974644166666667;0.4918498833333333;0.6958655555555555;0.4975824;0.7589141052631578;42.589069;-8.93449;-494582.8772975947;5249631.661828094;0.5177200000000001;-0.2226389815332368;-26.611736699938774;-0.0001759999999961792;-2.000000000279556e-06
0.475375;0.49028125;0.802821875;0.500190725;0.500110625;0.49968847499999997;0.4929988888888889;0.5058175;0.47565972222222225;0.50783505;0.49762921666666665;0.49185129999999994;0.6992836111111111;0.49758159999999996;0.7589204210526316;42.588982;-8.934493;-494583.21125606715;5249618.50719054;0.49499999999999994;-0.3339584724744782;-13.154637553729117;-8.700000000061436e-05;-2.9999999995311555e-06
0.4638125;0.476225;0.797603125;0.50040055;0.50047175;0.49896494999999996;0.4923325;0.5141155555555555;0.4664625;0.5077551333333333;0.4975341;0.49196181666666666;0.6971233333333333;0.497584;0.758968;42.588905;-8.934503;-494584.32445097505;5249606.864595611;0.46271000000000007;-1.1131949078990147;-11.642594929784536;-7.700000000454565e-05;-9.999999999621423e-06
0.47356875;0.452459375;0.810871875;0.500030525;0.499670675;0.49785615;0.48743055555555553;0.5147563888888889;0.44687138888888883;0.5083427500000001;0.49795395;0.4919376333333333;0.7078819444444444;0.497584;0.7590275789473684;42.588833;-8.934522;-494586.43952130014;5249595.97802635;0.4532299999999999;-2.1150703250896186;-10.88656926061958;-7.199999999585316e-05;-1.8999999999991246e-05
0.483203125;0.428846875;0.80859375;0.499736775;0.499907175;0.49667105;0.47606777777777776;0.5069655555555556;0.40924194444444445;0.5089218999999999;0.49800045;0.4918865;0.7110627777777777;0.4976024;0.7590974736842105;42.588764;-8.934583;-494593.2300102385;5249585.545075943;0.44516;-6.790488938335329;-10.432950407266617;-6.900000000342743e-05;-6.100000000053285e-05
0.50989375;0.484409375;0.80845625;0.4995791;0.50004195;0.49956385;0.4720788888888889;0.4994647222222222;0.38104499999999997;0.5091726166666667;0.4984681166666667;0.4918809333333334;0.7198061111111111;0.4975888;0.7591472631578947;42.5886;-8.934676;-494603.58272288216;5249560.7479647985;0.46082999999999996;-10.352712643682025;-24.797111144289374;-0.0001639999999980546;-9.299999999967667e-05
0.497034375;0.53805625;0.8037687499999999;0.4996198;0.499947875;0.502286275;0.48847583333333333;0.4997938888888889;0.39675916666666666;0.5087853;0.4981524;0.49158045;0.7131230555555557;0.4975768;0.7591834736842105;42.588528;-8.934737;-494610.3732118206;5249549.861448806;0.47169;-6.790488938451745;-10.886515992693603;-7.200000000295859e-05;-6.100000000053285e-05
0.5037125;0.531253125;0.8087562500000001;0.5006230749999999;0.499947875;0.5021934499999999;0.5041019444444444;0.49983333333333335;0.4287108333333334;0.5082704833333334;0.49776118333333336;0.49164401666666663;0.7039388888888889;0.49756;0.7592302105263158;42.58844;-8.934787;-494615.93918636034;5249536.555724112;0.46336000000000005;-5.565974539727904;-13.305724693462253;-8.79999999980896e-05;-4.999999999988347e-05
0.4860125;0.524046875;0.803190625;0.499711475;0.5001734;0.501165225;0.5119461111111111;0.5015161111111112;0.4492963888888889;0.5082241333333333;0.49782709999999997;0.4916708833333333;0.7050375;0.49756880000000003;0.7592944210526316;42.588345;-8.934809;-494618.3882151578;5249522.191610588;0.44957;-2.4490287974476814;-14.36411352455616;-9.500000000173259e-05;-2.19999999995224e-05
0.490975;0.52601875;0.810696875;0.499224575;0.499814125;0.501455125;0.5091497222222222;0.5021444444444444;0.4643736111111111;0.5078331666666667;0.49743995;0.4915874833333333;0.6958341666666666;0.49758;0.7593676842105264;42.588253;-8.93483;-494620.7259244644;5249508.281121517;0.44254999999999994;-2.3377093066228554;-13.910489071160555;-9.1999999995096e-05;-2.1000000000270802e-05
0.49830625;0.524275;0.8138624999999999;0.49931335;0.499759675;0.501888275;0.5067;0.5006536111111111;0.4863458333333333;0.50699025;0.49751818333333336;0.49169575;0.6918730555555556;0.4975824;0.7594405263157894;42.588154;-8.934852;-494623.17495326186;5249493.312248598;0.4428500000000001;-2.4490287974476814;-14.968872918747365;-9.899999999873899e-05;-2.19999999995224e-05
0.50241875;0.525571875;0.81190625;0.50091425;0.500077575;0.501717875;0.5142186111111111;0.4982872222222222;0.5105375;0.5067044166666667;0.4974859;0.4918459;0.6890455555555556;0.4975752;0.7594814736842105;42.588005;-8.934868;-494624.9560651145;5249470.783383667;0.46789;-1.7811118526151404;-22.528864931315184;-0.0001490000000003988;-1.600000000046009e-05
0.506778125;0.50205625;0.82055625;0.500211075;0.49984615000000004;0.500199625;0.5180830555555556;0.4971147222222222;0.5242805555555555;0.50677345;0.4975007333333333;0.49200435000000003;0.6898597222222222;0.49756880000000003;0.7595242105263158;42.587833;-8.934823;-494619.94668802887;5249444.776975676;0.4664400000000001;5.009377085603774;-26.00640799012035;-0.00017199999999917281;4.500000000007276e-05
0.50204375;0.52265625;0.8098875;0.49999365;0.499883025;0.500208525;0.5152080555555555;0.49607722222222217;0.5250802777777778;0.5067631666666667;0.49718026666666665;0.4915849;0.6832922222222222;0.4975576;0.7595577894736841;42.587723;-8.934802;-494617.60897872236;5249428.145008186;0.47367;2.33770930650644;-16.631967490538955;-0.00011000000000649379;2.1000000000270802e-05
0.480434375;0.51401875;0.799484375;0.499808;0.5002416;0.50012335;0.5100288888888889;0.5018222222222223;0.5278625;0.5069082666666667;0.4975250666666667;0.4915626666666667;0.6913991666666667;0.497568;0.759582947368421;42.587597;-8.934768;-494613.82411603525;5249409.093881489;0.48027;3.7848626871127635;-19.0511266971007;-0.00012599999999451938;3.399999999942338e-05
0.480459375;0.503165625;0.8017875;0.50021235;0.50002415;0.499918625;0.5061313888888889;0.5075697222222222;0.5282669444444444;0.5066554833333333;0.49744278333333336;0.4917174166666667;0.6877336111111111;0.4975576;0.7596084210526316;42.587482;-8.934731;-494609.7052948759;5249391.705982005;0.48003;4.118821159354411;-17.387899483554065;-0.00011500000000097543;3.700000000073089e-05
0.48216875;0.507028125;0.8065249999999999;0.499942775;0.500003825;0.499986025;0.5049183333333334;0.5101266666666666;0.52794;0.5067422333333333;0.4975183833333333;0.4918809333333334;0.6898799999999999;0.4975672;0.7596633684210526;42.587372;-8.934696;-494605.8091126981;5249375.074108163;0.45691;3.8961821778211743;-16.631873842328787;-0.00010999999999938836;3.499999999867498e-05
0.4839125;0.5075875;0.806921875;0.4998207;0.4998792;0.500059775;0.5044416666666667;0.5088602777777778;0.5281652777777778;0.5067142666666667;0.49758318333333335;0.49178891666666663;0.6911486111111111;0.497576;0.7597364210526316;42.587154;-8.934621;-494597.4601508888;5249342.112844909;0.44261999999999996;8.348961809300818;-32.96126325428486;-0.00021800000000382624;7.500000000071338e-05
0.479128125;0.4963;0.813078125;0.499464675;0.49991735;0.499947875;0.5004805555555556;0.5101191666666667;0.5286483333333334;0.5065992166666666;0.49761855;0.49182408333333333;0.6908716666666667;0.497584;0.7598013684210526;42.58704;-8.934581;-494593.00737125694;5249324.876266906;0.44909999999999994;4.452779631828889;-17.23657800257206;-0.00011399999999639476;4.000000000026205e-05
0.480696875;0.50536875;0.800690625;0.49986959999999997;0.500116525;0.50011235;0.4998127777777778;0.5109724999999999;0.5283994444444444;0.5066025;0.4976875333333333;0.4918953833333333;0.6924427777777779;0.4975856;0.7598472631578947;42.586933;-8.934546;-494589.1111890791;5249308.698103952;0.46404999999999996;3.8961821778211743;-16.178162953816354;-0.00010699999999985721;3.500000000045134e-05
0.4796;0.48922187500000003;0.809103125;0.49945195000000003;0.500016525;0.499911;0.4978255555555555;0.5114225;0.5295994444444444;0.5065178166666667;0.4976288833333333;0.49184021666666666;0.6904738888888889;0.49758320000000006;0.7599185263157895;42.586819;-8.93451;-494585.1036874107;5249291.461587057;0.44411000000000006;4.00750166841317;-17.23651689477265;-0.00011400000000350019;3.5999999999702936e-05
0.480246875;0.486678125;0.8022;0.49929255;0.500120675;0.49995145;0.4922736111111111;0.5122777777777777;0.5283119444444444;0.5065035;0.49790169999999995;0.49197958333333336;0.6964733333333334;0.497572;0.759992;42.586712;-8.934478;-494581.5414637051;5249275.283481453;0.44233;3.5622237055795267;-16.178105604834855;-0.00010699999999985721;3.1999999999143824e-05
0.47914687499999997;0.479065625;0.80321875;0.49906090000000003;0.499997225;0.499868225;0.48847972222222225;0.5116772222222222;0.5278680555555556;0.50636685;0.49776830000000005;0.4917644666666667;0.6924380555555556;0.49756880000000003;0.7600656842105263;42.586605;-8.934445;-494577.86792050896;5249259.105403622;0.44227;3.673543196171522;-16.178077830933034;-0.00010699999999985721;3.300000000017178e-05
0.472346875;0.458715625;0.808928125;0.499830875;0.49980672499999995;0.49959817500000003;0.48417916666666666;0.5116947222222222;0.5258725;0.50611305;0.49768114999999996;0.49196521666666665;0.6882111111111111;0.4975736;0.7601591578947369;42.586388;-8.934376;-494570.1868756444;5249226.295742255;0.42666000000000004;7.681044864584692;-32.8096613669768;-0.00021699999999924557;6.899999999987472e-05
0.4676625;0.47028125;0.805265625;0.5007248;0.50004195;0.499732975;0.4825936111111111;0.5124052777777778;0.5178488888888889;0.5065875833333333;0.49774381666666667;0.49181881666666666;0.6936125;0.4975856;0.7602629473684211;42.586273;-8.934344;-494566.6246519389;5249208.908179994;0.41873000000000005;3.5622237054631114;-17.387562260963023;-0.00011500000000097543;3.200000000092018e-05
0.452784375;0.527353125;0.806225;0.49982325;0.4997584;0.5017929;0.4935736111111111;0.5172525;0.5282541666666667;0.5063059;0.49764013333333335;0.4918723333333333;0.6892369444444445;0.4975752;0.7603774736842106;42.586182;-8.934312;-494563.06242823356;5249195.149349117;0.41013;3.562223705346696;-13.758830877020955;-9.099999999762076e-05;3.1999999999143824e-05
0.47823125;0.5481875;0.809303125;0.500005075;0.49991607499999996;0.5031166;0.5078036111111112;0.5156808333333334;0.5621019444444444;0.50561275;0.49803131666666667;0.49194193333333336;0.6925325;0.4975784;0.7604656842105263;42.586098;-8.934268;-494558.16437063855;5249182.448907665;0.43085000000000007;4.898057595011778;-12.700441451743245;-8.400000000108321e-05;4.400000000082116e-05
0.480621875;0.563015625;0.803059375;0.500448875;0.49993132500000004;0.503592175;0.5207036111111112;0.5093002777777778;0.6073405555555556;0.5047261166666667;0.4984848;0.49195011666666666;0.6967191666666667;0.49758640000000004;0.7605415789473684;42.586014;-8.934209;-494551.59652068163;5249169.748483336;0.44055;6.567849956918508;-12.70042432937771;-8.400000000108321e-05;5.9000000000253294e-05
0.492934375;0.551290625;0.802225;0.500564575;0.50008265;0.5027504;0.5309575;0.5015094444444445;0.651605;0.5045282833333333;0.49944211666666666;0.4921173833333333;0.7262302777777778;0.4976008;0.7606077894736842;42.585838;-8.934037;-494532.44956826547;5249143.1381259365;0.4480700000000001;19.146952416165732;-26.610357399098575;-0.0001759999999961792;0.00017199999999917281
0.48236875;0.50648125;0.81181875;0.500010175;0.49996185000000004;0.50037385;0.5226605555555556;0.5017205555555556;0.6693713888888889;0.5044359333333334;0.49984348333333334;0.49217983333333337;0.7402491666666667;0.4975928;0.7606650526315789;42.585808;-8.933933;-494520.8723412228;5249138.602277058;0.45516999999999996;11.577227042638697;-4.535848878324032;-3.0000000002416982e-05;0.00010400000000032605
0.479028125;0.498765625;0.8073718750000001;0.49980545;0.499972025;0.49988175;0.5126305555555556;0.5060755555555555;0.670106388888889;0.5044239833333334;0.49980785;0.49222258333333335;0.7389480555555555;0.49757759999999995;0.7607067368421052;42.585758;-8.933825;-494508.84983621724;5249131.042533772;0.46723;12.022505005588755;-7.559743286110461;-5.000000000165983e-05;0.00010799999999910881
0.442478125;0.507240625;0.805303125;0.5002505;0.500001275;0.5000915499999999;0.5062827777777777;0.5132191666666667;0.6692644444444444;0.50454035;0.4998252166666667;0.49205095;0.7398394444444444;0.49758320000000006;0.7607687368421053;42.585712;-8.933713;-494496.38205324835;5249124.087575307;0.45139000000000007;12.46778296888806;-6.954958464950323;-4.5999999997548e-05;0.00011200000000144428
0.4599125;0.55396875;0.79228125;0.49959055;0.500110625;0.501911175;0.5111847222222222;0.5204644444444444;0.6791444444444446;0.5045215;0.5000006333333333;0.4920976333333333;0.7460758333333334;0.49757759999999995;0.7608531578947368;42.585659;-8.933606;-494484.4708677335;5249116.074259962;0.43393;11.911185514880344;-8.013315345160663;-5.300000000119098e-05;0.00010699999999985721
0.478578125;0.592053125;0.7973281249999999;0.498538975;0.500331875;0.5049553;0.5227916666666667;0.5143088888888888;0.727303888888889;0.5038274666666667;0.5013232666666667;0.4923649833333333;0.7983597222222222;0.4975792;0.760934;42.585613;-8.933499;-494472.5596822186;5249109.119312542;0.43662;11.911185514880344;-6.954947420395911;-4.5999999997548e-05;0.00010699999999985721
0.504896875;0.596775;0.8096281249999999;0.4996605;0.499341325;0.5053622;0.5314191666666667;0.4989038888888889;0.7965483333333334;0.5039880666666666;0.5029584166666666;0.4922154166666667;0.8472980555555556;0.4975784;0.7610182105263158;42.585567;-8.933285;-494448.73731118895;5249102.164370254;0.43395;23.822371029644273;-6.954942287877202;-4.600000000465343e-05;0.00021399999999971442
0.503203125;0.531590625;0.811384375;0.500039425;0.49967575;0.502471925;0.5280608333333333;0.4865836111111111;0.84943;0.5042745166666667;0.5037243833333334;0.49242528333333335;0.8602158333333334;0.4975904;0.7610553684210527;42.585674;-8.933206;-494439.94307141623;5249118.342178707;0.47093999999999997;8.794239772716537;16.177808453328907;0.00010699999999985721;7.899999999949614e-05
0.50574375;0.497121875;0.807446875;0.5001793;0.499918625;0.50054805;0.5159772222222222;0.48985416666666665;0.8658944444444444;0.5047413;0.50411995;0.4923185;0.8600272222222223;0.4975936;0.7610944210526316;42.585762;-8.933131;-494431.5941096066;5249131.647313014;0.4694700000000001;8.348961809650064;13.305134306661785;8.800000000519503e-05;7.500000000071338e-05
0.509346875;0.489084375;0.80021875;0.49981434999999996;0.5000445;0.499886825;0.5049375;0.49276861111111114;0.8663863888888889;0.5047580666666667;0.50404765;0.49245051666666667;0.8582997222222223;0.4975872;0.7610972631578948;42.585838;-8.933044;-494421.90931390796;5249143.1381259365;0.49765;9.684795698616654;11.4908129228279;7.599999999996498e-05;8.699999999883801e-05
0.500953125;0.490646875;0.810940625;0.500473025;0.500019425;0.500079075;0.5010527777777778;0.49482166666666666;0.8657488888888889;0.5049635166666667;0.5041801166666666;0.49248896666666664;0.8575938888888888;0.4975856;0.7611047368421052;42.585911;-8.932955;-494412.0018792271;5249154.175367331;0.49421;9.907434680848382;11.037241394631565;7.300000000043383e-05;8.900000000089392e-05
0.480478125;0.502475;0.80603125;0.500331525;0.50015535;0.500034675;0.5029866666666667;0.5011472222222223;0.8663399999999999;0.5047481333333333;0.5039719666666667;0.4925142;0.8569827777777778;0.497588;0.761103052631579;42.586067;-8.93277;-494391.40777343034;5249177.761844312;0.5013099999999999;20.594105796772055;23.58647698070854;0.00015599999999693637;0.00018500000000010175
0.483340625;0.50240625;0.81188125;0.500010175;0.500013975;0.5000585;0.5018894444444445;0.5041008333333333;0.8668047222222223;0.5049018000000001;0.5040723333333333;0.49246075000000006;0.8564919444444445;0.4975824;0.7611164210526316;42.586136;-8.932681;-494381.50033874984;5249188.194343347;0.48950999999999995;9.907434680499136;10.432499035261571;6.900000000342743e-05;8.899999999911756e-05
0.495415625;0.49635;0.80826875;0.4999326;0.499875375;0.500072475;0.4989930555555555;0.5040511111111111;0.8678333333333332;0.50505415;0.5042236;0.4924752333333333;0.8569569444444445;0.4975872;0.7611432631578947;42.586208;-8.932596;-494372.0381820324;5249199.080441601;0.47904;9.462156717432663;10.886098253540695;7.199999999585316e-05;8.500000000033481e-05
0.495128125;0.493046875;0.80585;0.49994532500000005;0.500021625;0.499904625;0.49765138888888893;0.5027605555555555;0.8677369444444445;0.5046455833333333;0.50388415;0.4925892833333333;0.8569830555555555;0.4975896;0.7611316842105263;42.586281;-8.932513;-494362.7986642965;5249210.117748504;0.5090100000000002;9.239517735899426;11.03730690293014;7.300000000043383e-05;8.300000000005525e-05
0.49543125;0.497771875;0.804075;0.500165075;0.49994035000000003;0.50005965;0.4974336111111111;0.5024538888888889;0.8669697222222222;0.50475235;0.5040022;0.4926420666666667;0.8575691666666666;0.4975792;0.7611192631578948;42.586349;-8.932432;-494353.78178554226;5249220.399087108;0.5097799999999999;9.016878754249774;10.281338604167104;6.799999999884676e-05;8.09999999997757e-05
0.49766875;0.4959125;0.80635;0.50037765;0.499875375;0.5000915499999999;0.498235;0.5020344444444444;0.86874;0.5048230833333334;0.50396335;0.4923924833333333;0.8555499999999999;0.4976032;0.7611199999999999;42.586418;-8.932353;-494344.98754576955;5249230.831633336;0.4993600000000001;8.794239772716537;10.432546228170395;6.900000000342743e-05;7.899999999949614e-05
0.49749375;0.47136875;0.80755;0.500269975;0.500065725;0.4991455;0.49420166666666665;0.5014308333333333;0.8638833333333333;0.5046467833333333;0.5039175499999999;0.4927472;0.8576352777777777;0.4976232;0.7611021052631579;42.586555;-8.932192;-494327.06510775175;5249251.545563685;0.5140499999999999;17.922438017791137;20.713930348865688;0.00013699999999516876;0.0001610000000002998
0.496225;0.466478125;0.8146249999999999;0.499949125;0.499956775;0.498762775;0.48913194444444447;0.5018894444444445;0.8476625;0.5048535666666667;0.50394525;0.4925406666666667;0.8547663888888888;0.49764480000000005;0.761095052631579;42.586617;-8.932107;-494317.60295103444;5249260.9197661085;0.5055400000000001;9.462156717316248;9.374202423729002;6.199999999978445e-05;8.500000000033481e-05
0.498728125;0.482940625;0.80794375;0.49996185000000004;0.49996820000000003;0.499247225;0.4894969444444444;0.5016758333333333;0.8342769444444444;0.5045166833333333;0.5035167666666667;0.4926378666666667;0.8514872222222222;0.49763120000000005;0.7610675789473684;42.586681;-8.93202;-494307.91815533536;5249270.596371936;0.52152;9.684795699082315;9.67660582717508;6.400000000184036e-05;8.700000000061436e-05
0.498490625;0.4857;0.80600625;0.49976139999999997;0.500149825;0.49974615;0.48919111111111113;0.5015369444444444;0.8280638888888889;0.5043512166666667;0.5033605166666667;0.49244915;0.8508038888888889;0.4976416;0.7610693684210527;42.586731;-8.931925;-494297.34280371;5249278.156227149;0.4985799999999999;10.575351625331677;7.559855213388801;5.000000000165983e-05;9.499999999995623e-05
0.49755625;0.493159375;0.8050531249999999;0.5003446;0.49999492500000003;0.499972025;0.4917755555555555;0.5022291666666667;0.8260205555555555;0.5045558833333333;0.5036156666666667;0.49244075;0.8529297222222223;0.4976352;0.7610553684210527;42.586777;-8.931828;-494286.54481310304;5249285.111299303;0.51095;10.79799060698133;6.955072154290974;4.5999999997548e-05;9.700000000023579e-05
0.49778125;0.495090625;0.8055656250000001;0.50013605;0.500090275;0.500083925;0.4952569444444444;0.5019633333333333;0.8271419444444444;0.5043508666666666;0.5033747666666667;0.49229239999999996;0.8511647222222223;0.49762239999999996;0.7610548421052632;42.58688;-8.931631;-494264.6148734166;5249300.684631649;0.5004;21.929939686437137;15.57333234604448;0.00010300000000285081;0.00019700000000000273
0.4960625;0.492471875;0.803096875;0.49997075;0.499866475;0.4999822;0.49551138888888885;0.5012372222222222;0.8275247222222223;0.5040307166666667;0.5032212666666667;0.49254986666666667;0.8533797222222222;0.4976144;0.7610687368421053;42.586929;-8.931533;-494253.70556331915;5249308.093313349;0.4891500000000001;10.90931009745691;7.408681700006127;4.899999999707916e-05;9.799999999948739e-05
0.496425;0.489490625;0.8021031249999999;0.5001595249999999;0.50003745;0.499873775;0.49517694444444443;0.5007144444444445;0.8261747222222223;0.5040663166666667;0.5031892;0.4925862833333333;0.8518858333333333;0.497616;0.7610745263157895;42.586983;-8.931432;-494242.46229474875;5249316.257989726;0.49548000000000003;11.24326857039705;8.164676376618445;5.3999999998666226e-05;0.0001010000000007949
0.50176875;0.48734375;0.800934375;0.499506175;0.49995145;0.49960882500000003;0.49579;0.5006047222222223;0.8242133333333335;0.5042186;0.5032447333333334;0.4925668166666667;0.850358888888889;0.4976112;0.7610682105263158;42.587036;-8.93133;-494231.1077066881;5249324.27147527;0.5049199999999999;11.354588060639799;8.013485544361174;5.300000000119098e-05;0.00010199999999827014
0.498540625;0.4759875;0.807034375;0.499949125;0.49998475000000003;0.499070475;0.4930291666666667;0.5000405555555556;0.8152591666666666;0.5043853666666667;0.5032245833333333;0.49261185;0.8470744444444445;0.49760879999999996;0.7610726315789473;42.587086;-8.931225;-494219.41916015465;5249331.831373537;0.49655000000000005;11.688546533463523;7.55989826656878;5.000000000165983e-05;0.00010500000000135401
0.5078625;0.479625;0.80421875;0.500195825;0.49996820000000003;0.499005625;0.4917322222222222;0.49789166666666673;0.8021583333333333;0.5041642833333334;0.50256125;0.49252846666666666;0.8338963888888888;0.4976216;0.7610738947368422;42.587135;-8.931118;-494207.50797463977;5249339.24007972;0.49903;11.911185514880344;7.408706182613969;4.9000000004184585e-05;0.00010699999999985721
0.50581875;0.489146875;0.8101125;0.5003128;0.5000076250000001;0.499370575;0.4927011111111111;0.4960313888888889;0.7903519444444445;0.5041158833333333;0.5023266833333333;0.4925352833333333;0.8279311111111112;0.4976576;0.761068;42.587223;-8.930889;-494182.0158112482;5249352.545525858;0.5046100000000001;25.492163391551003;13.305446138605475;8.79999999980896e-05;0.00022899999999914655
0.506753125;0.50599375;0.805690625;0.4998614;0.4997317;0.500198375;0.4942347222222222;0.4962691666666667;0.7869747222222222;0.5040341666666667;0.5023403833333333;0.49249413333333336;0.829618611111111;0.49768399999999996;0.7610627368421052;42.587257;-8.930767;-494168.4348333713;5249357.686271443;0.50406;13.58097787690349;5.1407455848529935;3.399999999942338e-05;0.0001220000000010657
0.500646875;0.5246625;0.80031875;0.49951935;0.499907175;0.501207975;0.4981397222222222;0.4955725;0.7973072222222222;0.50399415;0.5025747666666667;0.4924514;0.8371044444444444;0.4976864;0.7610234736842105;42.587296;-8.930648;-494155.187813967;5249363.583012472;0.5308299999999999;13.247019404312596;5.8967410288751125;3.900000000101045e-05;0.00011899999999975819
0.499215625;0.473196875;0.8059875000000001;0.50019455;0.5001297;0.4996961;0.49829361111111115;0.4980188888888889;0.8060786111111112;0.5040460666666667;0.5027239333333333;0.4924173333333333;0.8403605555555557;0.497696;0.7609945263157895;42.587337;-8.930531;-494142.1634335442;5249369.782154461;0.5226900000000001;13.024380422779359;6.199141989462078;4.0999999995960934e-05;0.00011699999999947863
0.5085625;0.44755;0.801315625;0.50002035;0.500045775;0.49810665;0.49065277777777777;0.4982375;0.7900911111111111;0.50399385;0.5022645166666667;0.4925104166666667;0.828105;0.497668;0.7609724210526316;42.587383;-8.930406;-494128.24849719484;5249376.737294227;0.5173300000000001;13.914936349377967;6.9551397655159235;4.600000000465343e-05;0.00012500000000059686
0.513584375;0.452396875;0.8059499999999999;0.499963125;0.500019075;0.498126975;0.48279833333333333;0.49452083333333335;0.7631797222222221;0.5039913666666667;0.5017845333333333;0.49260191666666664;0.8129722222222223;0.49764400000000003;0.7609552631578947;42.587418;-8.930287;-494115.00147779065;5249382.029251833;0.5134;13.24701940419618;5.291957606561482;3.499999999689862e-05;0.00011899999999975819
0.503753125;0.4861875;0.8025125;0.5000985;0.5000222;0.499268975;0.4841933333333333;0.49451805555555556;0.7461075;0.50400015;0.5013708333333333;0.4925420166666667;0.7986152777777779;0.4976296;0.7609223157894738;42.587463;-8.929987;-494081.60563055275;5249388.8332017;0.5258900000000001;33.39584723790176;6.8039498664438725;4.500000000007276e-05;0.0002999999999993008
0.49199375;0.5010875;0.808534375;0.500142875;0.499987525;0.50002775;0.4893202777777778;0.4968969444444445;0.7423830555555556;0.5040451;0.5013530833333334;0.4923368333333334;0.7974399999999999;0.4976008;0.7609087368421052;42.587479;-8.929832;-494064.35110947967;5249391.252385056;0.51059;17.25452107307501;2.419183355756104;1.6000000002236447e-05;0.00015500000000123748
0.484475;0.48610625;0.8108593749999999;0.499517275;0.49995005;0.49984325;0.4915633333333333;0.501655;0.7428130555555554;0.50394275;0.5013762666666667;0.49240618333333336;0.7994655555555555;0.4976112;0.7609052631578948;42.587502;-8.929683;-494047.76450535154;5249394.729962217;0.50275;16.586604128126055;3.4775771610438824;2.2999999998774e-05;0.00014899999999862246
0.50176875;0.488534375;0.7957062500000001;0.5001297;0.50025305;0.499880475;0.4912491666666667;0.5034788888888889;0.74042;0.5037816666666667;0.5012372666666667;0.4923018333333334;0.7962586111111111;0.4976328;0.7609043157894737;42.587524;-8.929537;-494031.51185969554;5249398.056341575;0.50072;16.252645656000823;3.326379358768463;2.200000000129876e-05;0.00014600000000086766
0.495253125;0.488796875;0.801190625;0.5003484;0.500134775;0.4999593;0.4926466666666667;0.5034052777777778;0.7395908333333333;0.5039992;0.5014304666666667;0.49238344999999994;0.8006438888888889;0.4976592;0.7609024210526316;42.587551;-8.929256;-494000.23108278273;5249402.138717846;0.50145;31.280776912812144;4.08237627055496;2.69999999957804e-05;0.0002809999999993096
0.49749375;0.492521875;0.81200625;0.5003179;0.5000763;0.499992375;0.49597305555555554;0.5037447222222222;0.739003611111111;0.5039197666666666;0.5012969333333333;0.49228916666666667;0.7966655555555555;0.497676;0.7609221052631578;42.587543;-8.929114;-493984.42371509015;5249400.9291246915;0.48458999999999997;15.807367692585103;-1.209593154489994;-8.000000001118224e-06;0.00014200000000030855
0.4923375;0.496834375;0.80823125;0.500251775;0.49982960000000004;0.5000279750000001;0.49749499999999997;0.5022469444444444;0.7393302777777778;0.5039790333333334;0.5012981333333333;0.49249346666666666;0.7960713888888888;0.49769040000000003;0.7609550526315789;42.587547;-8.928968;-493968.17106943426;5249401.533921247;0.4741700000000001;16.252645655884407;0.6047965558245778;4.0000000041118255e-06;0.00014600000000086766
0.491415625;0.505221875;0.80844375;0.500048325;0.49993642499999996;0.500039425;0.501266388888889;0.5020802777777778;0.7394763888888889;0.5040809500000001;0.5012022;0.49237223333333335;0.7915733333333334;0.49768;0.7609654736842105;42.587543;-8.928823;-493952.0297432693;5249400.9291246915;0.49188;16.141326164943166;-0.6047965558245778;-4.0000000041118255e-06;0.0001449999999998397
0.49595;0.50210625;0.80819375;0.499969475;0.4998474;0.500075025;0.5012386111111111;0.5015666666666666;0.7407455555555557;0.5041450833333333;0.5012064166666667;0.49243054999999997;0.7911888888888888;0.497664;0.7609637894736843;42.587551;-8.928683;-493936.44501455803;5249402.138717846;0.5013299999999999;15.584728711284697;1.209593154489994;8.000000001118224e-06;0.000140000000000029
0.515278125;0.492734375;0.807096875;0.499983475;0.499963125;0.49984995;0.4986508333333333;0.4979908333333333;0.7395222222222222;0.5041209;0.5011702499999999;0.4923185333333333;0.7899080555555555;0.4976384;0.7609550526315789;42.587563;-8.928541;-493920.63764686545;5249403.9531078655;0.50678;15.807367692585103;1.8143900195136666;1.200000000523005e-05;0.00014200000000030855
0.485359375;0.498803125;0.8012343749999999;0.500181725;0.500258;0.49979607499999995;0.4986975;0.5002066666666667;0.7373283333333334;0.5041062166666667;0.5011382166666667;0.4923019;0.7891422222222223;0.49763599999999997;0.7609150526315789;42.58757;-8.928402;-493905.16423764545;5249405.011502205;0.53144;15.47340921999421;1.0583943398669362;6.999999996537554e-06;0.00013899999999900103
0.49183125;0.49201875;0.80491875;0.49994175;0.500181725;0.49961574999999997;0.4977125;0.5045597222222222;0.7334775;0.50385215;0.5009235000000001;0.4923974333333333;0.7835730555555556;0.497608;0.7608816842105263;42.587574;-8.928267;-493890.1361063882;5249405.616299024;0.5261;15.028131257276982;0.6047968184575438;3.999999997006398e-06;0.00013500000000021828
0.4915;0.500225;0.8069968750000001;0.4998474;0.500160225;0.5000534;0.4961636111111111;0.5046933333333333;0.731055;0.50381425;0.5009653333333334;0.4923423333333333;0.7855191666666667;0.49759519999999996;0.7608697894736841;42.587582;-8.927995;-493859.8572048923;5249406.825892781;0.50931;30.27890149585437;1.2095937570556998;8.000000001118224e-06;0.0002720000000007161
0.493121875;0.5007125;0.806584375;0.500352125;0.5001690249999999;0.5001432;0.49837305555555556;0.5065788888888889;0.733085;0.5038804833333334;0.5011194166666667;0.49231663333333336;0.79058;0.49762;0.7608606315789473;42.587585;-8.927861;-493844.9403931262;5249407.279490476;0.5071899999999999;14.91681176610291;0.45359769463539124;2.9999999995311555e-06;0.00013399999999919032
0.4962;0.494940625;0.807159375;0.50007375;0.500075025;0.500068675;0.4992472222222223;0.5050277777777777;0.7350197222222222;0.5039401833333333;0.5011417;0.49228659999999996;0.7907130555555556;0.4976552;0.7608766315789474;42.587593;-8.92773;-493830.3575398321;5249408.489084446;0.48752000000000006;14.582853294094093;1.2095939703285694;8.000000001118224e-06;0.00013099999999965917
0.49225;0.4835;0.8067;0.50060145;0.4999911;0.4995931;0.4945730555555556;0.5041783333333333;0.731558611111111;0.5038672;0.5009680166666667;0.4923279333333333;0.7849163888888889;0.4976336;0.7608784210526316;42.587601;-8.927608;-493816.77656195534;5249409.698678569;0.49851;13.580977876787074;1.2095941230654716;8.000000001118224e-06;0.0001220000000010657
0.5003375;0.4958125;0.813265625;0.49981945;0.4997991;0.500133525;0.49593861111111115;0.5020930555555556;0.7302474999999999;0.5038526333333333;0.5008644;0.4924033666666667;0.7810855555555556;0.49761760000000005;0.7608682105263158;42.587593;-8.927487;-493803.3069035694;5249408.489084446;0.50798;13.469658385962248;-1.2095941230654716;-8.000000001118224e-06;0.00012100000000003774
0.513090625;0.49418125;0.80455;0.50013455;0.4999473;0.500001375;0.4968372222222222;0.49870444444444445;0.7312761111111112;0.5039222333333333;0.5008881;0.49239763333333336;0.7812780555555556;0.4976184;0.7608646315789475;42.587578;-8.92723;-493774.69779443555;5249406.2210958805;0.50282;28.609109133831225;-2.267988565377891;-1.4999999997655777e-05;0.0002569999999995076
0.496846875;0.506253125;0.8049999999999999;0.500019425;0.500101275;0.500396725;0.49685666666666667;0.49868083333333335;0.73229;0.5040146166666667;0.5011325833333333;0.49230475;0.7899058333333334;0.49762;0.7608388421052632;42.58757;-8.927082;-493758.22250979824;5249405.011502205;0.52023;16.47528463730123;-1.2095936750993133;-8.000000001118224e-06;0.00014799999999937086
0.533278125;0.555275;0.809921875;0.4999362;0.49990982500000003;0.502324875;0.5078708333333333;0.49378;0.7487516666666667;0.5039555166666666;0.5013189833333334;0.49234951666666665;0.7973111111111111;0.49761760000000005;0.7608123157894737;42.587551;-8.926946;-493743.08305905014;5249402.138717846;0.52081;15.139450748101808;-2.872784359380603;-1.9000000001767603e-05;0.00013600000000124624
0.53921875;0.5757875;0.803871875;0.4999792;0.49981827500000003;0.50301985;0.5177777777777778;0.48467333333333334;0.7824347222222223;0.5040455166666666;0.5021938;0.49243206666666667;0.8253591666666666;0.4976192;0.760771052631579;42.587578;-8.926782;-493724.8266625601;5249406.2210958805;0.53233;18.256396490032785;4.082378034479916;2.7000000002885827e-05;0.00016399999999983095
0.54614375;0.53840625;0.811459375;0.49985250000000003;0.4999148;0.502115875;0.5189144444444445;0.47732277777777776;0.8176066666666666;0.5043038;0.5029557166666667;0.49229628333333336;0.8418225;0.4976016;0.7607171578947368;42.587708;-8.926592;-493703.67595930956;5249425.877014892;0.54224;21.15070325054694;19.655919011682272;0.0001299999999986312;0.00018999999999991246
0.547578125;0.50070625;0.808534375;0.5001831;0.49985295;0.500725475;0.5124358333333333;0.47454277777777776;0.8337694444444443;0.5039952666666666;0.5029668500000001;0.49241168333333335;0.8477961111111111;0.49760000000000004;0.7606234736842106;42.587791;-8.926465;-493689.53838397877;5249438.426584624;0.57341;14.137575330794789;12.54956973157823;8.300000000360797e-05;0.00012699999999910005
0.505371875;0.484434375;0.8098375;0.500912975;0.50029245;0.500069925;0.5054091666666667;0.4794236111111111;0.8374341666666666;0.50413805;0.5030962666666666;0.4924522;0.848368888888889;0.4976032;0.7605162105263158;42.587856;-8.926322;-493673.6196967955;5249448.254572587;0.58407;15.918687183293514;9.827987963333726;6.49999999993156e-05;0.00014299999999956015
0.5039625;0.4995875;0.8014281249999999;0.500160225;0.499949125;0.50012335;0.5036111111111111;0.4908777777777778;0.8385250000000001;0.5045630333333333;0.5034153333333333;0.4925681333333334;0.8484730555555556;0.4976048;0.7604290526315789;42.587959;-8.92619;-493658.9255240107;5249463.828174499;0.56839;14.694172784802504;15.573601911775768;0.00010299999999574538;0.00013200000000068712
0.49841875;0.499165625;0.8086562500000001;0.499524425;0.5000585;0.50005595;0.5013161111111112;0.49527361111111107;0.8393822222222221;0.5044950666666667;0.5032307333333333;0.4924279833333333;0.8453019444444444;0.4975928;0.7603046315789473;42.5882;-8.925947;-493631.8748877479;5249500.267479521;0.5974999999999999;27.05063626274932;36.439305022358894;0.00024100000000260025;0.0002429999999993271
0.48995625;0.4875375;0.80841875;0.50051625;0.4999021;0.499947875;0.4978727777777777;0.500958888888889;0.8396008333333334;0.50424955;0.5031334833333334;0.49245695;0.8473177777777778;0.49760879999999996;0.7602345263157895;42.588268;-8.925823;-493618.0712708895;5249510.54913464;0.55492;13.803616858436726;10.2816551188007;6.799999999884676e-05;0.00012400000000134526
0.5160625;0.493384375;0.7982;0.500137325;0.49997585;0.500090275;0.49567805555555555;0.49868388888888887;0.8396491666666667;0.50439205;0.5032896166666667;0.49258908333333334;0.8485444444444444;0.49761279999999997;0.7601356842105264;42.588337;-8.925703;-493604.71293199423;5249520.98200203;0.57746;13.358338895253837;10.432867390103638;6.900000000342743e-05;0.00011999999999900979
0.507478125;0.48718125;0.80180625;0.5005312749999999;0.499861275;0.49985572500000003;0.4942988888888889;0.4950338888888889;0.8392638888888888;0.5043171166666667;0.5029912166666667;0.49239958333333333;0.8426297222222222;0.4976096;0.7600376842105263;42.588406;-8.925583;-493591.354593099;5249531.41488097;0.57689;13.358338895253837;10.432878939434886;6.8999999996322e-05;0.00012000000000078614
0.499378125;0.484496875;0.804828125;0.500448875;0.5000127249999999;0.499715175;0.49516944444444444;0.49616999999999994;0.8371313888888889;0.50439265;0.5030514;0.49259780000000003;0.8426880555555556;0.49761279999999997;0.7599398947368421;42.588474;-8.925463;-493577.9962542041;5249541.696570063;0.57667;13.358338894904591;10.281689093448222;6.799999999884676e-05;0.00011999999999900979
0.503053125;0.482765625;0.8093781250000001;0.49982960000000004;0.49988937499999997;0.49942145;0.49662527777777776;0.4981625;0.8327102777777778;0.5043761666666666;0.5029561499999999;0.4925671;0.8405222222222223;0.4976024;0.7598353684210527;42.588596;-8.92523;-493552.0588128492;5249560.143158022;0.5820000000000001;25.937441354850307;18.446587959304452;0.00012200000000461841;0.00023299999999970566
0.505246875;0.436196875;0.813453125;0.500099175;0.500013975;0.498167675;0.4824116666666667;0.4965616666666667;0.8138186111111111;0.50418475;0.5026541;0.49254266666666663;0.8359369444444444;0.4976104;0.7597408421052632;42.588654;-8.925111;-493538.8117934447;5249568.912860043;0.57416;13.247019404545426;8.769702021032572;5.7999999995672624e-05;0.00011900000000153454
0.498565625;0.4801875;0.81225625;0.500208525;0.500083925;0.499282825;0.4820811111111111;0.49493916666666665;0.7957966666666667;0.5041211666666666;0.50220275;0.4924431;0.8242802777777778;0.4975936;0.7596293684210527;42.588711;-8.924987;-493525.00817658624;5249577.531368257;0.58741;13.803616858436726;8.618508213199675;5.700000000530281e-05;0.0001239999999995689
0.495675;0.4961125;0.80425625;0.50053405;0.500090275;0.49978255;0.4928830555555556;0.49878944444444445;0.7915052777777779;0.50409665;0.50197735;0.4925788;0.8174811111111111;0.49759119999999996;0.7595331578947369;42.588764;-8.924865;-493511.42719870957;5249585.545075943;0.5755000000000001;13.580977876670659;8.01370768621564;5.2999999994085556e-05;0.00012199999999928934
0.489421875;0.520909375;0.80834375;0.49985250000000003;0.499965675;0.50055185;0.5006763888888889;0.5006216666666667;0.7927041666666668;0.5044797833333333;0.5021782333333333;0.49244645;0.8181725;0.49760000000000004;0.75945;42.588814;-8.924748;-493498.40281828656;5249593.105183781;0.56516;13.02438042301219;7.560107838362455;5.000000000165983e-05;0.00011700000000125499
0.49774375;0.545334375;0.79574375;0.5001017249999999;0.500095375;0.5014801;0.5097822222222222;0.5051625;0.8052177777777778;0.5043673000000001;0.5024815333333333;0.4926446333333333;0.8285302777777778;0.497608;0.7593727368421053;42.588898;-8.92454;-493475.24836420175;5249605.806178603;0.56068;23.154454084811732;12.700994822196662;8.400000000108321e-05;0.00020799999999887575
0.515075;0.590890625;0.809253125;0.5000499500000001;0.5000485499999999;0.5045485;0.5207130555555556;0.49824666666666667;0.8422116666666666;0.50450795;0.5031021666666666;0.49255841666666667;0.8420574999999999;0.4976056;0.759298947368421;42.588947;-8.924493;-493470.0163481345;5249613.215100155;0.5578700000000001;5.232016067253426;7.408921551890671;4.899999999707916e-05;4.7000000000352316e-05
0.538103125;0.62929375;0.809525;0.500774025;0.49954222499999995;0.5067097;0.5359580555555555;0.48077805555555553;0.9118472222222221;0.5058352333333334;0.5035456833333334;0.49336301666666665;0.8338972222222222;0.4976048;0.759215894736842;42.589008;-8.924449;-493465.1182905395;5249622.43845961;0.56519;4.898057595011778;9.22335945442319;6.100000000230921e-05;4.400000000082116e-05
0.537309375;0.640528125;0.80786875;0.5003662;0.500178025;0.507648475;0.5443777777777777;0.4609183333333333;0.4972255555555556;0.5079940666666667;0.5030864833333334;0.4936044666666667;0.8050680555555556;0.49761199999999994;0.7591276842105263;42.589092;-8.924438;-493463.8937761409;5249635.139493961;0.56923;1.2245143986074254;12.70103435125202;8.400000000108321e-05;1.0999999998873022e-05
0.54388125;0.566271875;0.80540625;0.500717175;0.5000915499999999;0.504746875;0.5382469444444444;0.4573461111111111;0.0773288888888889;0.50976215;0.5028461666666667;0.49336816666666666;0.7913980555555555;0.4975976;0.7589778947368421;42.589188;-8.924452;-493465.45224901196;5249649.654982749;0.6174899999999999;-1.5584728710819036;14.515488788485527;9.599999999920783e-05;-1.4000000000180535e-05
0.55795625;0.517446875;0.8066125;0.500591275;0.500113175;0.50158055;0.5278166666666667;0.46144861111111113;0.11180749999999999;0.5105613166666667;0.5024519000000001;0.49328786666666663;0.7824102777777778;0.49759519999999996;0.7588172631578948;42.589275;-8.924512;-493472.1314184596;5249662.809663776;0.62612;-6.6791694476269186;13.154681026935577;8.700000000061436e-05;-5.9999999999504894e-05
0.51853125;0.494915625;0.80379375;0.5001220749999999;0.5003560499999999;0.500396725;0.5143838888888889;0.47080111111111117;0.12210333333333333;0.5107721833333333;0.50247485;0.49313528333333334;0.7820883333333334;0.4975792;0.7586476842105263;42.589329;-8.924586;-493480.36906077806;5249670.974647438;0.6331200000000001;-8.237642318475991;8.164983661845326;5.3999999998666226e-05;-7.399999999968543e-05
0.494878125;0.483378125;0.8021125;0.49976475;0.500113175;0.49997585;0.5023436111111111;0.48811333333333334;0.12327833333333334;0.5104583666666667;0.5023236166666667;0.49326071666666665;0.780901111111111;0.4975856;0.7585157894736843;42.589455;-8.924787;-493502.7442784277;5249690.026303498;0.6035299999999999;-22.375217649620026;19.051656059920788;0.0001260000000016248;-0.00020100000000056184
0.499796875;0.48075;0.806071875;0.500251075;0.49994035000000003;0.5000111;0.49616722222222226;0.4946358333333334;0.12265166666666663;0.5107182499999999;0.5025355666666667;0.4931785833333333;0.7830988888888888;0.4975848;0.758418;42.5895;-8.92489;-493514.2101859794;5249696.830475709;0.57678;-11.465907551697455;6.804172211326659;4.500000000007276e-05;-0.0001029999999992981
0.50245625;0.47389375;0.8088031250000001;0.5002199749999999;0.500052125;0.49963125;0.49401472222222226;0.49575416666666666;0.1203969444444444;0.5103606333333333;0.5022154666666667;0.49332316666666665;0.7796705555555555;0.4975904;0.7583495789473684;42.589558;-8.924989;-493525.2308155678;5249705.600304916;0.55365;-11.020629588398151;8.769829206168652;5.7999999995672624e-05;-9.900000000051534e-05
0.50629375;0.44845;0.80460625;0.5004591500000001;0.499975025;0.49823415;0.4892911111111111;0.49698166666666665;0.10793805555555554;0.5106220833333334;0.5027929333333333;0.4932856;0.7870377777777777;0.49759519999999996;0.7582752631578947;42.589607;-8.925081;-493535.47220872086;5249713.009304915;0.5583199999999999;-10.24139315309003;7.408999999053776;4.9000000004184585e-05;-9.200000000042508e-05
0.498734375;0.43359375;0.8031375000000001;0.500034675;0.49999445;0.49684697499999997;0.47988194444444443;0.4953488888888889;0.07639666666666668;0.5098858833333334;0.5029179666666667;0.4933219833333333;0.7917591666666667;0.49760400000000005;0.7581986315789473;42.589657;-8.925171;-493545.4909628924;5249720.569514997;0.56028;-10.018754171556793;7.560210082679987;5.000000000165983e-05;-9.000000000014552e-05
0.51505;0.420921875;0.8086562500000001;0.49981827500000003;0.499775275;0.496009125;0.47402666666666665;0.49014138888888886;0.03525888888888886;0.5093874333333334;0.5037602999999999;0.49343163333333334;0.8068261111111111;0.49762080000000003;0.758123052631579;42.589714;-8.925235;-493552.6154103031;5249729.188161897;0.5593;-7.124447410693392;8.618646899238229;5.699999999819738e-05;-6.4000000000064e-05
0.526740625;0.4196625;0.80416875;0.4998703;0.49984615000000004;0.4954249;0.4678511111111111;0.4805055555555556;0.8121375000000001;0.5080348833333334;0.5037381666666667;0.49361374999999996;0.8154727777777778;0.4976216;0.758037894736842;42.589779;-8.925286;-493558.29270433343;5249739.016453057;0.56691;-5.677294030319899;9.828291160054505;6.49999999993156e-05;-5.099999999913507e-05
0.545609375;0.487165625;0.797290625;0.500045775;0.5001424250000001;0.49841055;0.4748077777777778;0.4737880555555556;0.9371211111111112;0.5073668166666666;0.50399735;0.49368955;0.8251597222222222;0.4975896;0.7579347368421053;42.589905;-8.925316;-493561.63228905736;5249758.068246661;0.58095;-3.3395847239298746;19.051793604157865;0.0001260000000016248;-3.0000000000640625e-05
0.527090625;0.505509375;0.80031875;0.49985505;0.500164025;0.499918625;0.48761750000000004;0.4757983333333333;0.9278908333333333;0.5070005166666667;0.5040269166666667;0.49365911666666673;0.8291441666666667;0.49756880000000003;0.7578186315789474;42.589973;-8.925323;-493562.4115254928;5249768.350183016;0.5912300000000001;-0.7792364354245365;10.28193635493517;6.799999999884676e-05;-7.000000000090267e-06
0.496025;0.502628125;0.7947968750000001;0.4995219;0.500370025;0.500189475;0.48958083333333335;0.4886144444444444;0.9286599999999999;0.5068127499999999;0.5041999;0.4932142666666667;0.8340894444444444;0.49755920000000003;0.7577248421052633;42.590042;-8.925317;-493561.7436085481;5249778.783335784;0.5736699999999999;0.6679169447161257;10.43315276876092;6.8999999996322e-05;6.000000000838668e-06
0.49749375;0.5084875;0.804853125;0.500549325;0.500322975;0.50107575;0.49654638888888886;0.4983608333333333;0.937358888888889;0.5069514166666667;0.5042166333333333;0.49310828333333334;0.8329308333333333;0.49755119999999997;0.7576402105263158;42.590118;-8.925299;-493559.7398577138;5249790.274937712;0.5664200000000001;2.0037508342647925;11.49160192720592;7.599999999996498e-05;1.799999999896329e-05
0.4879;0.495975;0.806771875;0.4998881;0.49993515;0.50013605;0.4989688888888889;0.5025519444444444;0.9463208333333333;0.5071430499999999;0.5044121500000001;0.4931960166666667;0.8341463888888889;0.4975488;0.7575832631578948;42.590191;-8.925277;-493557.29082891624;5249801.312936964;0.5447899999999997;2.4490287975640967;11.037999252788723;7.300000000043383e-05;2.200000000129876e-05
0.487240625;0.5889;0.80438125;0.49982197500000003;0.500050875;0.5043513;0.5097186111111112;0.5035502777777777;0.8877958333333333;0.50758685;0.5042273833333334;0.49340363333333337;0.8270941666666667;0.49755600000000005;0.7575559999999999;42.590317;-8.925248;-493554.06256368326;5249820.364856497;0.52146;3.228265232988633;19.05191953293979;0.0001260000000016248;2.899999999961267e-05
0.50990625;0.591715625;0.809103125;0.500016525;0.49980672499999995;0.506160725;0.5282936111111111;0.4938608333333333;0.04805750000000002;0.5095350666666667;0.5039150333333333;0.49315998333333333;0.8083777777777779;0.4975536;0.7575385263157896;42.59037;-8.925261;-493555.50971706375;5249828.378770665;0.5137;-1.4471533804899082;8.013914167881012;5.300000000119098e-05;-1.3000000000928935e-05
0.53439375;0.518203125;0.8099624999999999;0.500310725;0.499657375;0.50240535;0.5247011111111112;0.48083222222222227;0.10171500000000001;0.5100716666666666;0.5026865833333333;0.49315233333333336;0.7874869444444444;0.49754160000000003;0.7575018947368422;42.590446;-8.925319;-493561.9662475297;5249839.870433061;0.52881;-6.456530465977266;11.491662396118045;7.599999999996498e-05;-5.799999999922534e-05
0.54365;0.49354375;0.8082906249999999;0.500344025;0.5;0.5005368250000001;0.51388;0.4777458333333333;0.11550083333333332;0.5104778166666667;0.5026017166666666;0.49308426666666666;0.784875;0.4975392;0.7574412631578947;42.590488;-8.925405;-493571.53972373786;5249846.2210946055;0.54758;-9.573476208141074;6.350661544129252;4.2000000000541604e-05;-8.599999999958641e-05
0.54496875;0.48593125;0.8121375;0.49968095;0.499765575;0.50013595;0.5038730555555555;0.4757080555555555;0.11872305555555553;0.5104832666666667;0.5025063833333333;0.4931637166666667;0.7833577777777778;0.49754560000000003;0.7573703157894737;42.5905;-8.925515;-493583.7848677252;5249848.035570119;0.5557300000000002;-12.245143987354822;1.8144755130633712;1.1999999998124622e-05;-0.00011000000000116472
0.537725;0.47353125;0.8137125000000001;0.50006935;0.49962130000000005;0.49973922499999995;0.4968413888888889;0.4751447222222222;0.1173247222222222;0.5107030333333333;0.5025642166666666;0.49327021666666665;0.7835869444444444;0.4975392;0.7572707368421052;42.590538;-8.925652;-493599.0356379637;5249853.781411549;0.5782799999999998;-15.250770238460973;5.74584143050015;3.8000000003535206e-05;-0.00013699999999872148
0.511053125;0.48375625;0.80291875;0.49978222499999997;0.500055475;0.500041625;0.49361222222222223;0.479635;0.11590999999999999;0.5103754166666666;0.50223405;0.49332165;0.7799097222222222;0.49753359999999996;0.7571732631578948;42.590618;-8.92575;-493609.9449480617;5249865.877931277;0.5765800000000002;-10.909310098038986;12.096519728191197;7.999999999697138e-05;-9.800000000126374e-05
0.519228125;0.514615625;0.806984375;0.49948375;0.500057225;0.5012054499999999;0.4957161111111111;0.48810694444444447;0.12397;0.5104942166666666;0.5022092333333333;0.49316598333333334;0.7790827777777778;0.497536;0.7570571578947368;42.59071;-8.925893;-493625.863635245;5249879.788948157;0.5912399999999998;-15.918687183293514;13.911016879603267;9.200000000220143e-05;-0.00014299999999956015
0.51111875;0.49401875;0.7958624999999999;0.500398125;0.5005396;0.5006908;0.4999347222222222;0.49256333333333335;0.13754694444444443;0.5105474;0.5019776499999999;0.49293515000000004;0.775615;0.4975464;0.7569346315789474;42.590714;-8.926214;-493661.59719178965;5249880.393775443;0.5963100000000001;-35.73355654464103;0.6048272857442498;3.999999997006398e-06;-0.00032099999999957163
0.493446875;0.48555625;0.80020625;0.49985505;0.500222525;0.5001017249999999;0.4972916666666667;0.5000266666666667;0.1416791666666667;0.5107304;0.5022767;0.49306048333333335;0.7794297222222222;0.49756399999999995;0.7568265263157894;42.590752;-8.92635;-493676.7366425374;5249886.1396366;0.5849599999999999;-15.139450747752562;5.745861157774925;3.8000000003535206e-05;-0.00013599999999946988
0.49410625;0.49035625;0.806425;0.500063575;0.4999593;0.500273375;0.49614083333333336;0.5020852777777778;0.14360555555555557;0.5108339666666667;0.5022644833333333;0.49284875000000006;0.7789438888888889;0.4975528;0.756764947368421;42.590794;-8.92648;-493691.20817634056;5249892.490329327;0.5484500000000001;-14.471533803152852;6.350692726671696;4.2000000000541604e-05;-0.00013000000000040757
0.488534375;0.487190625;0.806175;0.49985250000000003;0.500050875;0.50022125;0.4948005555555555;0.5036683333333334;0.1471963888888889;0.5107614;0.5020760333333334;0.49306941666666665;0.7764083333333334;0.4975464;0.7567402105263158;42.590843;-8.926611;-493705.7910296344;5249899.899476246;0.5193899999999999;-14.582853293861263;7.409146918915212;4.899999999707916e-05;-0.00013099999999965917
0.486978125;0.46940625;0.8068593749999999;0.499942775;0.499874125;0.499692275;0.49113972222222224;0.5043538888888889;0.1470972222222222;0.5108286166666667;0.5021731833333333;0.49309444999999996;0.7776277777777778;0.49754560000000003;0.7567083157894736;42.590897;-8.926742;-493720.3738829285;5249908.064665316;0.5251300000000001;-14.582853294094093;8.16518906969577;5.3999999998666226e-05;-0.00013100000000143552
0.494740625;0.430678125;0.8060499999999999;0.500083925;0.50012715;0.497837075;0.4830397222222222;0.5044683333333333;0.13109833333333334;0.5107362333333333;0.5026824;0.49309968333333337;0.7850991666666667;0.4975488;0.7566752631578947;42.590961;-8.926968;-493745.5320878478;5249917.741935592;0.5259499999999999;-25.158204919309355;9.677270276471972;6.400000000184036e-05;-0.0002259999999996154
0.5175375;0.4426875;0.808396875;0.5000915499999999;0.500055475;0.498181425;0.47639611111111113;0.49800111111111106;0.10495138888888889;0.5102944833333334;0.5031289666666666;0.4931552;0.7930811111111111;0.49754719999999997;0.756645052631579;42.591003;-8.927063;-493756.10743947315;5249924.092649611;0.5237300000000001;-10.575351625331677;6.350714018568397;4.2000000000541604e-05;-9.499999999995623e-05
0.517115625;0.431459375;0.8066562500000001;0.500149825;0.5000319;0.49788735;0.47218750000000004;0.49196277777777775;0.08105055555555557;0.5097991166666667;0.5033586833333333;0.4930776;0.7986897222222222;0.49756399999999995;0.7566137894736842;42.591061;-8.927157;-493766.57147160755;5249932.862690292;0.5245999999999998;-10.464032134390436;8.77004068158567;5.800000000277805e-05;-9.399999999892827e-05
0.5156875;0.4391375;0.809540625;0.500676475;0.499839775;0.49777475;0.4750288888888889;0.4879558333333333;0.05391555555555559;0.5095264333333334;0.50377385;0.4933117666666667;0.8061911111111111;0.4975704;0.7565817894736843;42.591114;-8.92725;-493776.92418425146;5249940.876700121;0.5251700000000004;-10.352712643914856;8.014009828679264;5.2999999994085556e-05;-9.300000000145303e-05
0.516125;0.484734375;0.807584375;0.499895725;0.50000635;0.498978925;0.4816741666666667;0.48754;0.03090527777777778;0.5093802166666667;0.5040418833333333;0.49315691666666667;0.8108841666666666;0.49754719999999997;0.7565189473684211;42.591179;-8.927332;-493786.05238249653;5249950.7052120445;0.5493499999999998;-9.1281982450746;9.82851192355156;6.49999999993156e-05;-8.19999999990273e-05
0.511015625;0.51814375;0.80809375;0.49949520000000003;0.499797825;0.50055185;0.4898733333333333;0.48918527777777776;0.029093333333333346;0.5091812666666666;0.5040448833333333;0.49325321666666666;0.8121922222222223;0.4975328;0.7564705263157895;42.591259;-8.927398;-493793.3994688889;5249962.801856175;0.5381199999999999;-7.347086392343044;12.096644130535424;8.000000000407681e-05;-6.600000000034356e-05
0.50179375;0.511190625;0.806821875;0.49976729999999997;0.500175475;0.500823975;0.4961077777777778;0.4920869444444444;0.038528333333333366;0.50915925;0.5038182;0.49314393333333334;0.8089411111111111;0.49753359999999996;0.7564113684210526;42.591465;-8.927506;-493805.42197389447;5249993.950786272;0.54649;-12.022505005588755;31.14893009699881;0.0002059999999985962;-0.00010799999999910881
0.49363125;0.533059375;0.80815625;0.5004679249999999;0.499921175;0.501523325;0.5064316666666667;0.4985694444444445;0.054674722222222194;0.5096709666666667;0.5037884333333333;0.4931229;0.8056208333333333;0.4975376;0.756366;42.591545;-8.927573;-493812.88037977775;5250006.047485911;0.5356200000000001;-7.458405883284286;12.096699639223516;8.000000000407681e-05;-6.700000000137152e-05
0.50990625;0.524871875;0.8045312499999999;0.49978255;0.500160225;0.501248675;0.5111986111111111;0.4989597222222222;0.07346083333333332;0.5097253333333334;0.5034195666666667;0.49319635;0.7998969444444444;0.4975232;0.7563254736842104;42.591633;-8.927669;-493823.5670508939;5250019.353873447;0.53197;-10.686671116156504;13.30638753529638;8.79999999980896e-05;-9.599999999920783e-05
0.5043375;0.5162375;0.801975;0.500104275;0.500090275;0.501080825;0.5092188888888889;0.49641805555555557;0.08972416666666669;0.5101455833333334;0.50335905;0.49302498333333333;0.7970241666666666;0.4975176;0.7562754736842104;42.591724;-8.927755;-493833.14052710205;5250033.113907586;0.5392799999999998;-9.573476208141074;13.7600341392681;9.099999999762076e-05;-8.599999999958641e-05
0.487378125;0.501234375;0.801290625;0.499305725;0.499851225;0.5002149;0.505015;0.4975191666666667;0.09858944444444444;0.5103122999999999;0.50307125;0.49327160000000003;0.7922025;0.4975096;0.756222;42.591816;-8.927845;-493843.1592812734;5250047.025171317;0.5421200000000003;-10.018754171323963;13.911263731308281;9.200000000220143e-05;-9.000000000014552e-05
0.515415625;0.483328125;0.80863125;0.49980037499999996;0.49983725;0.4998474;0.4997813888888889;0.4940733333333333;0.09906138888888892;0.5101033;0.5026813833333333;0.49311815000000003;0.7873641666666666;0.49750800000000006;0.756177052631579;42.591969;-8.928048;-493865.7571379045;5250070.160253207;0.53535;-22.597856631153263;23.135081890039146;0.0001529999999974052;-0.0002030000000008414
0.517596875;0.474465625;0.8145249999999999;0.499736775;0.49958165000000004;0.499547325;0.49387499999999995;0.49000666666666665;0.09482194444444442;0.5101747333333334;0.5028249833333334;0.4932491333333333;0.7892022222222222;0.49750880000000003;0.7561036842105263;42.592041;-8.928152;-493877.33436494693;5250081.0473702215;0.5576599999999999;-11.577227042405866;10.88711701426655;7.200000000295859e-05;-0.00010400000000032605
0.521125;0.48884062500000003;0.804021875;0.50039535;0.5000541000000001;0.4999667;0.49241083333333335;0.48799555555555557;0.09143611111111112;0.5100575833333333;0.5026836333333333;0.4932187833333333;0.7876116666666667;0.4975264;0.756;42.592121;-8.928252;-493888.4663140263;5250093.144181654;0.58158;-11.131949079339392;12.096811432391405;7.999999999697138e-05;-9.999999999976694e-05
0.51823125;0.4918625;0.7943;0.500307725;0.50054805;0.4999021;0.49666083333333333;0.4921811111111111;0.09112305555555558;0.5102020833333334;0.50288055;0.4931353;0.7899141666666667;0.49752480000000004;0.7558687368421052;42.592194;-8.928351;-493899.4869436148;5250104.182535632;0.6032500000000003;-11.020629588514566;11.03835397772491;7.300000000043383e-05;-9.899999999873899e-05
0.498540625;0.508946875;0.79981875;0.500045775;0.500267025;0.5002912;0.49881499999999995;0.49653361111111116;0.09094749999999997;0.51027875;0.5030639499999999;0.4930344;0.7922236111111111;0.4975184;0.7557597894736843;42.592262;-8.928448;-493910.28493422177;5250114.464849598;0.5856299999999998;-10.79799060698133;10.282313966192305;6.799999999884676e-05;-9.700000000023579e-05
0.46956875;0.503078125;0.80625;0.499247225;0.49973425;0.500532775;0.4975688888888889;0.5025533333333333;0.0978075;0.5100737166666667;0.5028243166666667;0.4931405333333333;0.7896094444444445;0.4975288;0.7556506315789474;42.592331;-8.928532;-493919.6357714484;5250124.898385535;0.5859200000000001;-9.350837226607837;10.433535937219858;6.900000000342743e-05;-8.400000000108321e-05
0.4284125;0.4917625;0.8008;0.500363425;0.500095725;0.5001831;0.49823972222222224;0.5128908333333334;0.10267916666666663;0.5101250833333334;0.50249435;0.49310555;0.7845644444444444;0.4975424;0.7556109473684212;42.592434;-8.928699;-493938.2261264109;5250140.4731055945;0.5312100000000001;-18.590354962507263;15.574720059521496;0.00010299999999574538;-0.0001669999999993621
0.4720125;0.48155625;0.802725;0.5000318;0.500414525;0.499453225;0.4975177777777778;0.5224125;0.10161972222222222;0.5103839666666667;0.5030404;0.49318396666666664;0.7914797222222223;0.4975536;0.7555882105263159;42.592495;-8.928741;-493942.90154502436;5250149.696981065;0.5178100000000001;-4.675418613478541;9.223875470459461;6.100000000230921e-05;-4.2000000000541604e-05
0.458928125;0.4558875;0.803584375;0.499582925;0.500231425;0.49730555;0.48788583333333335;0.5231158333333333;0.08133055555555554;0.5096309666666666;0.5034399166666667;0.49328606666666663;0.8006555555555556;0.4975424;0.7555638947368422;42.592533;-8.92879;-493948.3562000729;5250155.443006419;0.5191699999999997;-5.454655048553832;5.74602535367012;3.8000000003535206e-05;-4.8999999998855515e-05
0.484421875;0.450890625;0.8064;0.5006294250000001;0.49993132500000004;0.494626375;0.47598138888888886;0.5142072222222223;0.18992750000000003;0.5087313166666667;0.50441045;0.49335395000000004;0.8207758333333334;0.4975352;0.7555386315789474;42.592564;-8.928821;-493951.80710428755;5250160.130556008;0.5198999999999998;-3.4509042146382853;4.687549589201808;3.0999999999892225e-05;-3.0999999999892225e-05
0.5078375;0.51460625;0.808890625;0.5003802;0.49951935;0.498724625;0.4869447222222222;0.4997469444444444;0.9735488888888889;0.50789505;0.5043347499999999;0.4933060166666667;0.82601;0.4975184;0.7555234736842105;42.592628;-8.928821;-493951.80710428755;5250169.808085118;0.5119100000000003;0.0;9.677529110573232;6.399999999473494e-05;0.0
0.529671875;0.545334375;0.80175;0.499429075;0.500403075;0.50400415;0.49953583333333335;0.49500527777777775;0.579525;0.5084299833333333;0.5042974333333333;0.49344655;0.8212044444444444;0.49749199999999993;0.7555133684210527;42.592663;-8.928835;-493953.36557715863;5250175.100488052;0.5079799999999999;-1.5584728710819036;5.2924029333516955;3.500000000400405e-05;-1.4000000000180535e-05
0.53034375;0.52771875;0.806428125;0.49960604999999997;0.5000818499999999;0.504518;0.5033513888888889;0.49317111111111106;0.056476944444444475;0.5095942833333333;0.5041791833333333;0.49308368333333336;0.8116297222222222;0.4974848;0.7554854736842105;42.592731;-8.928894;-493959.93342711555;5250185.382879397;0.5218800000000001;-6.567849956918508;10.282391345128417;6.799999999884676e-05;-5.9000000000253294e-05
0.538946875;0.501453125;0.8064;0.49995005;0.49999585;0.50178805;0.5018408333333333;0.4863405555555556;0.09533694444444446;0.5099318166666666;0.5032775333333334;0.4930130833333333;0.7968733333333333;0.4975192;0.7554757894736842;42.592758;-8.928965;-493967.8371109618;5250189.465596721;0.50764;-7.903683846234344;4.082717323675752;2.7000000002885827e-05;-7.100000000015427e-05
0.502528125;0.48966875;0.801490625;0.500263225;0.5001615;0.5003560499999999;0.5005136111111111;0.48837166666666665;0.10667305555555555;0.5101650666666667;0.5031645833333334;0.49306690000000003;0.7941652777777778;0.4975232;0.7554795789473684;42.592766;-8.929074;-493979.97093545843;5250190.675291078;0.49701999999999985;-12.133824496646412;1.2096943575888872;7.999999994012796e-06;-0.00010900000000013677
0.4918;0.483040625;0.806934375;0.4998881;0.500186925;0.499815625;0.49713;0.4974072222222222;0.10736972222222221;0.5101032;0.5032036833333333;0.49297115;0.7949969444444444;0.4975104;0.7555008421052632;42.592808;-8.929153;-493988.76517523103;5250197.026189022;0.4833100000000002;-8.794239772600122;6.350897943601012;4.2000000000541604e-05;-7.899999999949614e-05
0.482865625;0.484225;0.80468125;0.499900825;0.50016275;0.499851225;0.493215;0.504126111111111;0.10443999999999999;0.51038465;0.5037571000000001;0.49309443333333336;0.801405;0.49748400000000004;0.7555418947368422;42.592846;-8.929233;-493997.67073449446;5250202.772243229;0.46764999999999973;-8.905559263424948;5.746054206974804;3.8000000003535206e-05;-8.00000000005241e-05
0.482096875;0.493175;0.801478125;0.499662925;0.500138725;0.500553475;0.4928713888888889;0.5075086111111111;0.10692388888888892;0.5102078833333333;0.5035094833333333;0.49312268333333337;0.7988308333333333;0.49747680000000005;0.7555953684210527;42.592892;-8.929312;-494006.46497426706;5250209.727997745;0.45793999999999996;-8.794239772600122;6.955754516646266;4.5999999997548e-05;-7.899999999949614e-05
0.47166875;0.466340625;0.804021875;0.50026355;0.5000638000000001;0.499435425;0.48999027777777776;0.5108975;0.10731499999999998;0.5101983666666666;0.50356905;0.4926394666666667;0.7996633333333334;0.49747680000000005;0.7556576842105264;42.592968;-8.929477;-494024.83269024815;5250221.22012515;0.4509700000000002;-18.36771598109044;11.492127404548228;7.599999999996498e-05;-0.0001650000000008589
0.463528125;0.48701875;0.802878125;0.499898725;0.50009295;0.500083225;0.49066305555555556;0.5132363888888889;0.10349194444444447;0.5100538833333333;0.5035123499999999;0.4930240666666667;0.7996061111111111;0.4974984;0.7557282105263158;42.593025;-8.929559;-494033.960888493;5250229.8392299;0.4444899999999997;-9.12819824484177;8.619104750454426;5.699999999819738e-05;-8.19999999990273e-05
