Time;msDelta;Acc_X;Acc_Y;Acc_Z;Gyro_X;Gyro_Y;Gyro_Z;Tilt_X;Tilt_Y;Tilt_Z;Mag_X;Mag_Y;Mag_Z;Head;Temp;Press;Alt;Lat;Lng;Speed;AltGPS;HeadGPS
1;1204;-0.4455;-0.2536;9.7986;0.0977;0.0610;0.0000;-1.4524;2.7081;-3.5211;32.9285;-15.7531;-49.6290;243.0503;22.1240;965.1741;479.9915;42.637745;-8.968774;1.0001;490.0000;0.0000
2;1164;-0.4582;-0.2281;9.7733;-0.4018;0.0407;0.0000;-1.4420;2.7118;-3.5211;32.9694;-15.5981;-49.2635;243.2984;22.1258;965.1688;480.0375;42.637737;-8.968773;1.2223;490.0000;0.0000
3;1191;-0.4502;-0.2277;9.7761;-0.2950;-0.0356;0.0000;-1.4465;2.7081;-3.5234;32.4437;-15.5734;-49.1620;242.9750;22.1262;965.1713;480.0159;42.637737;-8.968769;0.5000;489.9000;0.0000
4;1191;-0.4546;-0.2313;9.7868;-0.6358;-0.0203;0.0000;-1.4355;2.7008;-3.5266;32.1411;-15.4264;-49.1232;242.9757;22.1271;965.1625;480.0916;42.637741;-8.968767;0.6297;490.2000;0.0000
5;1191;-0.4307;-0.2181;9.8036;0.2238;0.1068;0.1068;-1.2621;2.6958;-3.4680;31.8698;-14.5780;-48.6056;244.0356;22.1265;965.1657;480.0637;42.637737;-8.968768;0.2408;490.7000;0.0000
6;1091;-0.4220;-0.1901;9.7904;0.1609;0.0832;0.0000;-1.1755;2.6931;-3.4113;31.9745;-13.9696;-48.4336;245.0163;22.1251;965.1624;480.0928;42.637730;-8.968768;0.4074;490.8000;0.0000
7;1191;-0.4243;-0.1870;9.8112;-0.2340;0.1424;0.0712;-1.1618;2.6486;-3.3733;32.7022;-13.5810;-48.4479;246.0613;22.1241;965.1739;479.9931;42.637730;-8.968765;0.2778;491.0000;0.0000
8;1091;-0.1636;-0.1544;9.8070;-0.2719;0.0333;0.8545;-1.0896;2.3161;-3.0257;33.2925;-12.8799;-48.7139;247.4686;22.1241;965.1763;479.9727;42.637730;-8.968763;0.2963;491.1000;0.0000
9;1191;-0.0347;-0.1910;9.7884;0.7528;0.2136;3.3366;-0.8881;1.3330;-0.5049;33.1845;-12.0012;-50.1659;248.7249;22.1268;965.1667;480.0556;42.637730;-8.968760;0.6667;491.1000;0.0000
10;1191;-0.3290;-0.1559;9.7765;0.1119;0.3357;2.7212;-1.1183;1.5088;3.2021;31.5025;-11.0572;-49.7080;249.2037;22.1254;965.1605;480.1089;42.637726;-8.968750;1.7779;491.4000;0.0000
11;1166;-0.7226;0.0008;9.8072;0.9460;1.2258;1.5411;-0.3163;2.6532;5.9477;31.0814;-10.0458;-49.4144;250.6786;22.1263;965.1672;480.0508;42.637714;-8.968735;2.2039;491.9000;0.0000
12;1091;-1.2702;-0.1170;9.7526;0.0721;0.0499;0.2219;-0.2732;5.2899;6.7826;31.8118;-8.4547;-49.5376;253.6933;22.1264;965.1873;479.8773;42.637707;-8.968735;1.9261;492.1000;0.0000
13;1191;-1.0850;0.0471;9.7370;0.5951;-0.0051;0.2238;0.2225;5.7861;7.0770;29.4593;-10.7777;-49.5806;248.5156;22.1276;965.1956;479.8059;42.637711;-8.968729;1.3705;491.9000;0.0000
14;1091;-0.9396;0.1335;9.7722;-0.0055;0.1110;0.0055;0.7700;6.1613;7.1701;30.3783;-9.9458;-47.4625;250.4885;22.1270;965.2069;479.7076;42.637703;-8.968722;1.9076;491.9000;0.0000
15;1191;-0.7640;0.1372;9.7593;-0.3510;0.0458;0.0000;0.7260;5.4071;7.1741;30.4157;-10.2114;-47.4213;250.0582;22.1270;965.2008;479.7606;42.637714;-8.968720;1.0371;491.8000;0.0000
16;1092;-0.7617;0.1118;9.7717;0.1332;0.0333;0.0000;0.7406;4.9648;7.1741;30.2906;-10.4069;-47.6449;249.6555;22.1263;965.2031;479.7404;42.637718;-8.968716;1.0001;491.8000;0.0000
17;1091;-0.7630;0.1305;9.7574;-0.0999;0.0388;0.0000;0.7376;4.7506;7.1741;30.1794;-10.4564;-47.5408;249.5066;22.1276;965.2026;479.7448;42.637714;-8.968714;1.0001;491.9000;0.0000
18;1191;-0.7612;0.1368;9.7545;-0.0763;0.0356;0.0000;0.7370;4.6339;7.1745;30.2842;-10.4850;-47.5893;249.5199;22.1270;965.1979;479.7857;42.637718;-8.968703;0.6667;491.9000;0.0000
19;1091;-0.7587;0.1214;9.7691;0.1609;0.0388;0.0000;0.7376;4.5758;7.1796;30.2623;-10.1738;-47.6471;250.0354;22.1262;965.2040;479.7331;42.637714;-8.968701;0.2037;491.9000;0.0000
20;1191;-0.7680;0.1101;9.7833;-0.0814;0.1424;-0.0356;0.7617;4.5360;7.1837;30.2922;-10.1411;-47.4573;250.1074;22.1256;965.2011;479.7575;42.637722;-8.968701;0.5741;491.9000;0.0000
21;1197;-0.7509;0.1208;9.7693;0.1170;0.0712;0.0000;0.7530;4.5222;7.1851;30.3267;-10.2536;-47.6095;249.9363;22.1262;965.1991;479.7757;42.637711;-8.968694;1.1853;491.9000;0.0000
22;1164;-0.7612;0.1180;9.7709;0.2238;0.0509;-0.0000;0.7393;4.5186;7.1947;30.3534;-10.1034;-47.6345;250.2064;22.1269;965.2021;479.7487;42.637707;-8.968688;1.1853;491.8000;0.0000
23;1091;-0.7569;0.1288;9.7556;-0.0000;-0.0111;0.0000;0.7086;4.5089;7.1960;30.3383;-10.0975;-47.5324;250.2086;22.1284;965.2072;479.7055;42.637699;-8.968683;1.2779;491.7000;0.0000
24;1191;-0.7549;0.1089;9.7709;0.1017;0.0559;0.0000;0.7086;4.5003;7.1960;30.4576;-10.1561;-47.5876;250.1756;22.1273;965.2090;479.6899;42.637699;-8.968678;0.9445;491.7000;858.1200
25;1091;-0.7534;0.1114;9.7722;-0.0055;0.0388;0.0000;0.7081;4.5019;7.1960;30.2826;-10.2788;-47.2303;249.8678;22.1257;965.2054;479.7209;42.637691;-8.968671;1.3149;491.6000;858.1200
26;1191;-0.7612;0.1224;9.7549;-0.2645;0.0305;0.0000;0.7077;4.5044;7.1960;30.2621;-10.2307;-47.4520;249.9388;22.1264;965.2067;479.7096;42.637684;-8.968677;1.3149;491.4000;858.1200
27;1091;-0.7539;0.1331;9.7535;0.0888;0.0333;0.0000;0.7181;4.5024;7.1960;30.2509;-10.4602;-47.4175;249.5420;22.1267;965.2122;479.6621;42.637688;-8.968678;0.7408;491.5000;858.1200
28;1190;-0.7600;0.1196;9.7657;-0.0559;0.0407;0.0000;0.7127;4.4984;7.1960;30.3163;-10.0772;-47.2316;250.2297;22.1278;965.2206;479.5902;42.637691;-8.968687;1.0186;491.6000;858.1200
29;1091;-0.7517;0.1022;9.7791;0.0277;0.0499;0.0000;0.7091;4.4934;7.1960;30.2535;-10.3535;-47.6169;249.7245;22.1289;965.2170;479.6200;42.637688;-8.968687;0.8890;491.5000;858.1200
30;1091;-0.7604;0.1131;9.7661;0.0166;0.0222;0.0000;0.7026;4.4879;7.1960;30.2053;-10.1134;-47.2174;250.1046;22.1303;965.2235;479.5638;42.637676;-8.968685;1.2779;491.5000;858.1200
31;1197;-0.7525;0.1292;9.7573;-0.0458;0.0509;0.0000;0.7031;4.4907;7.1988;30.2128;-10.1839;-47.5910;249.9898;22.1295;965.2148;479.6398;42.637665;-8.968684;1.3705;491.5000;858.1200
32;1064;-0.7591;0.1179;9.7665;0.0666;0.0333;0.0000;0.6996;4.4884;7.2015;30.1843;-10.2247;-47.6313;249.9044;22.1304;965.2171;479.6198;42.637661;-8.968682;1.3149;491.2000;858.1200
33;1191;-0.7529;0.0973;9.7749;0.0305;0.0203;0.0000;0.7036;4.4847;7.2015;30.3068;-10.6195;-47.3843;249.3069;22.1292;965.2148;479.6398;42.637653;-8.968669;1.8335;491.3000;858.1200
34;1191;-0.7533;0.1280;9.7561;0.0865;0.0610;0.0000;0.7063;4.4833;7.2015;30.1738;-10.2364;-47.4176;249.8775;22.1297;965.2258;479.5440;42.637665;-8.968670;1.0186;491.3000;858.1200
35;1191;-0.7541;0.1077;9.7733;0.0916;0.0559;0.0000;0.7063;4.4856;7.2015;30.0328;-10.7169;-47.9847;248.9786;22.1290;965.2165;479.6251;42.637665;-8.968672;0.5000;491.3000;858.1200
36;1191;-0.7561;0.1236;9.7669;-0.1780;0.0356;0.0000;0.7050;4.4870;7.2015;30.1643;-10.3783;-47.6895;249.6304;22.1304;965.2082;479.6967;42.637669;-8.968658;1.6853;491.3000;858.1200
37;1218;-0.7569;0.1053;9.7733;0.1933;0.0305;0.0000;0.7040;4.4888;7.2015;30.1217;-10.5172;-47.7082;249.3698;22.1293;965.2158;479.6315;42.637665;-8.968659;0.8149;491.4000;858.1200
38;1064;-0.7604;0.1222;9.7582;-0.2386;0.0222;0.0000;0.7036;4.4914;7.2015;30.2041;-10.4039;-47.6169;249.6108;22.1300;965.2122;479.6630;42.637669;-8.968664;0.3519;491.5000;858.1200
39;1191;-0.7517;0.1081;9.7745;0.3306;0.0559;0.0000;0.7082;4.4884;7.2015;30.1441;-10.4304;-47.6903;249.5291;22.1318;965.2094;479.6866;42.637680;-8.968659;0.7038;491.4000;858.1200
40;1091;-0.7508;0.1135;9.7713;0.0333;0.0277;0.0000;0.7116;4.4869;7.2015;30.3137;-10.5437;-47.3821;249.4384;22.1314;965.2142;479.6451;42.637676;-8.968659;0.1111;491.1000;858.1200
41;1183;-0.7565;0.1240;9.7605;-0.3153;0.0203;0.0000;0.7077;4.4852;7.2015;30.3477;-10.0092;-47.3958;250.3649;22.1315;965.2115;479.6678;42.637672;-8.968664;0.8149;490.8000;858.1200
42;1164;-0.7521;0.1228;9.7617;-0.0254;0.0407;0.0000;0.7086;4.4897;7.2015;30.3124;-10.1927;-47.6082;250.0315;22.1311;965.2155;479.6341;42.637672;-8.968661;0.6482;490.7000;858.1200
43;1191;-0.7573;0.1148;9.7689;0.2899;0.0356;0.0000;0.7123;4.4902;7.2047;30.3613;-10.0445;-47.7392;250.3107;22.1304;965.2155;479.6340;42.637672;-8.968659;0.5371;490.7000;1.5300
44;1191;-0.7525;0.1109;9.7757;-0.1424;0.0458;0.0000;0.7091;4.4888;7.2070;30.3206;-10.0711;-47.7261;250.2422;22.1311;965.2157;479.6318;42.637676;-8.968664;0.4815;490.9000;1.5300
45;1191;-0.7565;0.1356;9.7517;-0.1322;0.0407;0.0000;0.7091;4.4934;7.2070;30.3024;-10.1200;-47.4077;250.1489;22.1301;965.2104;479.6776;42.637680;-8.968667;0.6482;490.9000;1.5300
46;1091;-0.7561;0.0905;9.7791;0.1387;0.0333;0.0000;0.7056;4.4924;7.2070;30.2723;-10.2937;-47.3314;249.8379;22.1301;965.2111;479.6720;42.637691;-8.968674;1.3705;490.9000;1.5300
47;1191;-0.7493;0.1220;9.7641;0.1272;0.0305;0.0000;0.7091;4.4897;7.2070;30.3781;-10.3779;-47.5681;249.7557;22.1298;965.2122;479.6620;42.637688;-8.968672;0.7778;491.0000;1.5300
48;1091;-0.7595;0.1218;9.7574;-0.0832;0.0333;0.0000;0.7096;4.4884;7.2070;30.3495;-10.2189;-47.3709;250.0100;22.1293;965.2172;479.6188;42.637680;-8.968674;0.6667;490.8000;1.5300
49;1091;-0.7526;0.1227;9.7661;0.0055;0.0555;0.0000;0.7041;4.4929;7.2070;30.3539;-10.4047;-47.3957;249.6963;22.1305;965.2206;479.5893;42.637699;-8.968675;1.5372;490.8000;1.5300
50;1191;-0.7537;0.1200;9.7633;-0.1221;0.0356;0.0000;0.6958;4.4907;7.2070;30.2415;-10.4433;-47.3238;249.5654;22.1294;965.2225;479.5730;42.637707;-8.968678;2.0372;491.0000;1.5300
51;1160;-0.7557;0.1224;9.7577;0.0763;0.0254;0.0000;0.7068;4.4888;7.2070;30.1540;-10.5457;-47.4688;249.3415;22.1309;965.2156;479.6328;42.637711;-8.968680;2.0372;491.0000;1.5300
52;1191;-0.7596;0.1101;9.7709;-0.0203;0.0356;0.0000;0.7031;4.4925;7.2070;30.1752;-10.5930;-47.4613;249.2728;22.1309;965.2180;479.6119;42.637718;-8.968685;2.0928;491.0000;1.5300
53;1092;-0.7521;0.1183;9.7648;-0.0999;0.0444;0.0000;0.7071;4.4919;7.2070;30.2986;-10.2193;-47.4675;249.9781;22.1292;965.2177;479.6147;42.637718;-8.968687;1.7409;490.9000;1.5300
54;1219;-0.7497;0.1105;9.7721;0.2594;0.0559;0.0000;0.7146;4.4920;7.2098;30.3020;-10.3855;-47.5315;249.6985;22.1307;965.2178;479.6142;42.637722;-8.968689;1.9261;491.0000;1.5300
55;1164;-0.7600;0.1328;9.7545;-0.2391;0.0305;0.0000;0.7164;4.4948;7.2125;30.2688;-10.4010;-47.5625;249.6529;22.1314;965.2237;479.5624;42.637726;-8.968694;1.3149;491.0000;1.0000
56;1091;-0.7474;0.1044;9.7778;0.2663;0.0499;0.0000;0.7096;4.4989;7.2125;30.2442;-10.3555;-47.6965;249.7164;22.1305;965.2238;479.5619;42.637730;-8.968697;1.2594;490.8000;1.0000
57;1191;-0.7576;0.1228;9.7585;-0.2747;0.0254;0.0000;0.7031;4.5030;7.2125;30.4362;-10.4078;-47.4325;249.7381;22.1297;965.2072;479.7053;42.637722;-8.968695;0.6482;490.7000;1.0000
58;1091;-0.7595;0.1218;9.7643;-0.0388;0.0444;0.0000;0.7006;4.5014;7.2125;30.2655;-10.2768;-47.8607;249.8618;22.1281;965.2072;479.7058;42.637730;-8.968694;0.9075;490.6000;1.0000
59;1091;-0.7513;0.1235;9.7630;0.2497;0.0721;0.0000;0.7116;4.5054;7.2125;30.3380;-10.1610;-47.2924;250.0996;22.1303;965.2127;479.6572;42.637714;-8.968694;0.5926;490.6000;1.0000
60;1191;-0.7553;0.1117;9.7673;-0.0203;0.0305;0.0000;0.7050;4.5012;7.2125;30.3827;-10.1814;-47.4722;250.0903;22.1300;965.2095;479.6850;42.637703;-8.968696;0.9630;491.1000;1.0000
61;1170;-0.7537;0.0945;9.7840;0.2543;0.0763;0.0000;0.7104;4.5007;7.2125;30.4286;-10.2328;-47.4335;250.0292;22.1314;965.2035;479.7375;42.637703;-8.968698;0.4815;491.5000;1.0000
62;1091;-0.7191;0.1131;9.7665;-0.0055;-0.0444;0.0000;0.7111;4.4859;7.2125;30.3416;-10.4568;-47.3939;249.6030;22.1309;965.2086;479.6934;42.637680;-8.968705;0.7964;491.9000;1.0000
63;1218;-0.4239;0.1356;9.7482;-0.0966;0.1628;-0.0000;0.7947;3.9734;7.2112;31.2117;-9.4500;-47.0905;251.7502;22.1310;965.2120;479.6631;42.637688;-8.968713;1.3890;492.2000;1.0000
64;1064;-0.1792;0.4733;9.8644;0.9211;-0.1554;2.2361;1.7808;2.8140;7.8592;32.8847;-8.5993;-48.3903;253.9645;22.1305;965.2186;479.6063;42.637691;-8.968714;1.4631;492.5000;1.0000
65;1190;-0.2911;0.2488;9.7486;0.4781;0.1831;2.8076;2.3314;1.9867;11.7892;30.9496;-8.3032;-48.0860;253.5169;22.1302;965.2220;479.5774;42.637684;-8.968701;0.9445;492.8000;1.0000
66;1091;-0.3315;0.3915;9.6464;0.2441;-1.0154;-1.0598;2.5074;1.2839;12.8465;31.4565;-8.4561;-48.0895;253.4950;22.1311;965.2330;479.4824;42.637676;-8.968678;2.1483;492.9000;1.0000
67;1191;-0.0929;0.0921;9.7801;-0.0051;-0.4628;-5.7017;1.1115;1.0405;8.4306;32.1603;-10.0582;-48.9846;251.1852;22.1311;965.2319;479.4920;42.637661;-8.968663;2.4632;492.9000;1.0000
68;1191;0.3633;-0.2887;9.8718;-0.4781;0.1780;-5.0252;-0.3671;-0.2101;2.0448;32.4498;-12.0405;-49.1526;248.1775;22.1319;965.2252;479.5496;42.637642;-8.968640;2.4632;492.8000;1.0000
69;1191;0.4139;-0.3334;9.8917;-0.4171;0.2136;-2.9856;-1.3477;-1.3266;-3.0588;33.9908;-12.9864;-50.3768;247.6894;22.1312;965.2254;479.5480;42.637623;-8.968606;5.9264;492.7000;1.0000
70;1191;0.5686;-0.2456;9.9276;1.4598;-1.2665;-2.4211;-0.6674;-2.5438;-6.2027;34.6579;-15.1375;-50.5436;245.0259;22.1321;965.2303;479.5054;42.637600;-8.968581;7.4265;492.6000;81.6600
71;1170;-0.2345;0.0666;9.8666;-1.8260;1.5361;0.0712;-0.4916;-1.7963;-7.3824;35.6938;-14.4847;-50.6792;246.5083;22.1334;965.2619;479.2322;42.637535;-8.968538;12.6121;492.4000;125.8500
72;1191;-0.6077;0.0829;9.9340;0.7273;-0.3764;0.8138;-1.0519;0.7663;-7.7783;36.1219;-13.6808;-51.3022;247.8410;22.1327;965.2704;479.1592;42.637459;-8.968501;16.9828;491.8000;142.9500
73;1191;-0.3964;-0.6496;9.9264;-0.0610;0.1526;-1.2919;-1.6603;2.2705;-7.3233;34.8398;-13.7250;-49.3985;247.0329;22.1319;965.2967;478.9315;42.637409;-8.968470;16.9828;492.1000;142.9500
74;1218;-1.3211;-0.2500;9.5284;1.1292;0.3815;-0.1322;-1.2602;2.9402;-8.0704;36.3354;-14.1097;-51.7806;247.3878;22.1309;965.3415;478.5441;42.637329;-8.968415;17.9459;492.3000;150.7500
75;1164;-0.6057;-0.5120;10.1405;0.5035;-0.0305;-1.0935;-1.3811;4.2220;-8.6632;35.0275;-15.2607;-50.9391;245.0402;22.1311;965.3672;478.3226;42.637291;-8.968389;17.7236;492.6000;150.9300
76;1218;-1.2246;-0.1451;9.4463;0.5798;0.1628;-1.8260;-1.4520;4.9104;-10.5524;37.0164;-14.3508;-51.0363;247.4236;22.1310;965.3734;478.2690;42.637260;-8.968365;16.6680;492.3000;150.4900
77;1164;-0.7955;-0.4211;9.9025;-1.4547;-0.6968;-2.8585;-2.1034;4.4495;-13.4550;36.6103;-15.9465;-50.6568;245.0629;22.1327;965.3938;478.0923;42.637234;-8.968359;15.0012;492.6000;152.9700
78;1191;-0.8510;-0.2592;9.5998;1.1139;1.3326;-1.5462;-2.5708;4.7131;-16.1696;37.9779;-15.6393;-50.7757;246.1914;22.1313;965.4133;477.9233;42.637211;-8.968345;13.2788;492.7000;153.2700
79;1091;-0.2832;-0.2110;9.8378;-0.7435;0.3884;-0.0777;-2.0470;4.3601;-17.2131;37.6114;-16.0553;-51.3804;245.4960;22.1303;965.4214;477.8531;42.637154;-8.968319;12.5751;492.6000;156.2900
80;1191;-0.6604;0.0423;9.9061;0.9155;-0.8189;3.0162;0.1108;3.8841;-15.3813;38.5309;-14.8304;-50.4870;247.5158;22.1303;965.4336;477.7481;42.637127;-8.968313;12.0010;492.6000;158.8400
81;1197;-0.6480;0.5926;9.7829;0.6053;-0.3916;4.9642;2.4550;3.2826;-10.3253;37.7436;-14.6201;-49.9556;247.4329;22.1321;965.4523;477.5860;42.637100;-8.968300;11.5750;492.9000;158.7300
82;1164;-0.3585;0.2129;9.6636;-0.3103;0.1729;0.8392;1.7056;2.8629;-6.6641;36.6508;-14.3148;-50.2837;247.2648;22.1309;965.4640;477.4849;42.637085;-8.968292;10.0008;492.8000;157.9400
83;1218;-0.3194;0.5136;9.5217;-0.0254;-0.3764;4.8523;2.2755;2.4522;-3.2506;34.9150;-13.8600;-50.0493;246.9193;22.1297;965.4593;477.5265;42.637074;-8.968279;9.4267;493.3000;157.2200
84;1164;0.3186;0.0004;9.6457;0.2594;1.5717;-0.0153;1.3513;1.8594;-0.0343;34.8205;-12.0799;-50.0176;249.4252;22.1299;965.4609;477.5124;42.637028;-8.968261;8.8896;493.4000;156.2000
85;1191;0.5555;-0.3924;9.9818;0.1373;-0.2848;-1.6123;-0.5983;-0.9119;-1.0030;33.8519;-12.9435;-49.9316;247.6822;22.1300;965.4491;477.6140;42.637001;-8.968257;9.3896;494.1000;159.1600
86;1091;0.5577;-0.5225;9.5642;-0.5549;-0.3940;-3.2460;-2.3795;-1.6629;-4.4604;32.5649;-15.4105;-50.1162;243.2981;22.1307;965.4644;477.4815;42.636978;-8.968249;9.0748;494.2000;159.7700
87;1191;0.1551;-0.2121;9.9244;1.1800;0.7477;-0.3357;-1.5706;-1.9588;-6.4792;36.1163;-13.2319;-51.4181;248.4931;22.1324;965.4819;477.3300;42.636944;-8.968234;10.2601;494.6000;160.1100
88;1191;0.8701;-0.3274;9.9220;0.5341;0.6053;-0.1221;-1.4465;-1.4772;-6.4719;35.1861;-14.2376;-50.4041;246.5390;22.1323;965.4898;477.2625;42.636906;-8.968203;12.3899;494.5000;157.2900
89;1191;0.9766;-0.3098;9.9113;-0.0458;-0.0407;-0.2848;-1.5523;-3.3124;-6.9946;35.3485;-13.7399;-49.9014;247.3195;22.1333;965.4878;477.2797;42.636826;-8.968152;18.9830;493.7000;153.9600
90;1091;-0.0657;-0.4037;9.8013;-5.2046;-0.2885;-0.7935;-2.4719;-2.8065;-7.6120;34.3052;-14.4346;-49.5604;245.7678;22.1345;965.4883;477.2748;42.636665;-8.968059;27.4837;493.7000;153.6400
91;1198;-0.4111;-0.2149;9.8167;-1.2919;-0.5239;0.9359;-2.2266;-0.7004;-7.0880;35.4731;-13.5753;-51.3106;247.6624;22.1349;965.5457;476.7791;42.636593;-8.968005;30.0950;493.4000;152.8400
92;1064;0.1370;-0.7356;9.3763;2.4802;1.6036;-2.3748;-3.1151;0.6332;-8.2977;34.5841;-14.7685;-50.0065;245.4216;22.1338;965.5869;476.4232;42.636517;-8.967958;31.0025;493.5000;152.8600
93;1191;0.2424;-0.3385;10.2793;0.5290;-0.7884;0.3408;-2.3122;0.0842;-9.2592;37.1294;-12.9624;-50.5250;249.3719;22.1329;965.5872;476.4208;42.636444;-8.967909;31.8914;493.4000;152.6500
94;1091;-0.4733;-0.0348;9.2088;-6.8859;-0.5382;0.0888;-1.9416;0.3156;-8.5713;35.2309;-14.2668;-50.5347;246.5305;22.1307;965.6202;476.1351;42.636364;-8.967851;33.6508;493.3000;152.3000
95;1190;-0.7289;-0.2249;10.1278;0.1170;0.0153;0.2950;-1.9693;1.7203;-9.0431;35.4035;-14.2547;-49.6015;246.6682;22.1315;965.6812;475.6081;42.636284;-8.967801;34.5028;492.9000;154.5700
96;1191;-0.6747;-0.2891;10.1457;-1.0274;-0.1272;0.9054;-0.7979;2.9141;-7.5183;35.6898;-13.4143;-51.3642;247.9887;22.1316;965.7256;475.2243;42.636204;-8.967748;34.5028;493.0000;154.5700
97;1092;-1.0588;-0.0687;9.0009;-1.6979;0.2941;0.5604;-1.2250;3.7873;-6.7311;34.2500;-14.2089;-50.0070;246.0692;22.1326;965.8093;474.5016;42.636028;-8.967639;37.3178;493.7000;154.4300
98;1091;-0.5168;-0.1001;10.0797;1.2096;0.0610;-0.1720;-0.7675;3.7149;-6.4185;36.6175;-12.1282;-49.3827;250.2883;22.1343;965.8733;473.9484;42.635948;-8.967587;36.7066;493.3000;155.3300
99;1191;-0.7170;-0.1256;8.8131;3.3824;-1.5767;-0.0356;-1.4067;3.6346;-6.4206;35.6903;-12.8149;-51.4840;248.8654;22.1340;965.9201;473.5434;42.635883;-8.967521;35.0769;492.3000;152.3100
100;1092;-0.4124;-0.5942;10.8258;4.1282;-0.5438;-0.2885;-1.1231;3.2230;-6.8949;35.8465;-14.0128;-50.8493;247.2555;22.1335;965.9503;473.2836;42.635803;-8.967465;34.8917;492.0000;152.1400
101;1164;-0.7584;0.1404;9.2784;-2.9856;-0.4323;0.6053;-1.4960;3.3815;-6.8340;36.0153;-13.4328;-49.0809;248.1626;22.1341;965.9950;472.8966;42.635735;-8.967408;33.7620;491.4000;150.0400
102;1190;-0.5646;-0.5563;9.1018;-5.6203;0.0153;-2.2736;-2.4298;3.3604;-6.9557;34.0482;-15.2058;-49.5505;244.5451;22.1339;966.0278;472.6131;42.635658;-8.967358;33.7434;491.1000;152.4300
103;1191;0.1663;-0.1053;10.0987;2.9704;1.6836;0.4272;-2.4179;2.5218;-9.1891;36.2166;-14.3643;-50.8586;246.9751;22.1328;966.0648;472.2931;42.635513;-8.967257;32.7989;491.0000;155.4700
104;1190;-0.2369;0.0335;10.1342;1.1342;-1.1648;3.3722;-1.5276;1.3467;-7.0107;35.4843;-13.2098;-51.3038;248.2024;22.1331;966.0959;472.0251;42.635441;-8.967204;33.3175;490.6000;153.5600
105;1191;0.7150;1.3845;9.4918;-3.4943;0.0203;8.7636;1.8411;-0.0824;0.6633;32.1054;-12.6885;-51.3144;246.9668;22.1327;966.1060;471.9376;42.635376;-8.967144;32.4841;490.6000;150.0600
106;1191;-0.6185;0.1487;9.6186;-3.2552;0.6154;3.5756;1.8027;-0.4523;8.9397;30.9452;-9.1862;-49.7064;252.0721;22.1337;966.1214;471.8047;42.635319;-8.967068;32.7619;490.8000;144.4900
107;1191;-1.1357;-0.3844;9.9224;3.2399;0.5290;0.8443;0.7727;2.6184;10.5885;30.1760;-9.7055;-50.8072;250.7824;22.1341;966.1341;471.6946;42.635254;-8.966990;33.6323;490.9000;142.0300
108;1192;-1.6676;-0.2640;9.6720;0.8952;-1.2207;0.2085;-0.1703;5.0853;11.1658;30.9190;-9.0514;-50.0401;252.2719;22.1342;966.1711;471.3755;42.635147;-8.966808;33.2434;491.1000;136.6400
109;1091;-1.7714;-0.1040;9.6930;-1.6036;0.1998;0.2219;-0.6916;7.2665;11.4797;30.2209;-10.2322;-49.6468;249.8228;22.1347;966.2160;470.9872;42.635113;-8.966744;28.6875;491.2000;136.4500
110;1191;-1.2992;-0.3557;9.6014;-0.9816;0.6307;-0.4171;-1.6438;8.9749;11.4308;31.0642;-9.4609;-49.2137;251.6647;22.1343;966.2607;470.6006;42.635098;-8.966703;21.0758;491.1000;137.4000
111;1169;-1.0543;-0.4638;9.7585;1.9277;0.1119;-0.7884;-2.5122;8.0164;10.5240;30.2368;-9.8537;-50.2535;250.5368;22.1368;966.2729;470.4954;42.635082;-8.966652;17.4273;490.7000;135.6500
112;1190;-0.2058;-0.1188;9.9922;1.3021;-0.4578;1.1342;-0.6180;5.5142;10.5423;30.1310;-10.9654;-49.7877;248.5435;22.1383;966.3011;470.2527;42.635059;-8.966615;14.9271;490.7000;136.2100
113;1191;-0.2995;0.0873;9.9184;-2.0345;-0.5646;0.7935;-0.0705;3.2368;11.9746;30.5285;-10.1595;-50.0438;250.1196;22.1385;966.3102;470.1740;42.635033;-8.966581;13.9826;490.5000;136.4100
114;1091;0.4698;-0.2184;10.1798;-0.6880;0.2774;1.7034;-0.4245;0.9328;13.6011;30.4223;-9.5269;-50.2073;251.1132;22.1377;966.3044;470.2237;42.634987;-8.966522;12.7973;490.5000;137.9000
115;1191;-0.1292;-0.4167;9.9659;0.6358;0.2645;1.4140;-1.5179;0.3305;15.4225;28.2777;-9.4972;-49.9805;249.9242;22.1387;966.3043;470.2242;42.634964;-8.966487;13.0381;490.7000;136.0800
116;1091;-0.0457;-0.1953;9.6786;-2.9352;-0.5604;0.6048;-1.5001;0.9778;16.2967;29.2727;-8.4827;-49.8581;252.3601;22.1393;966.3033;470.2328;42.634945;-8.966453;12.9640;490.7000;134.2400
117;1191;-0.1483;-0.7700;10.4751;-0.4832;-0.9104;-2.3244;-2.4472;0.4660;15.8130;28.0298;-9.4641;-49.9516;249.8898;22.1375;966.3105;470.1709;42.634930;-8.966424;12.4640;490.9000;132.9600
118;1190;-0.4953;-1.1468;9.7342;0.7884;0.0203;-8.9620;-4.4101;0.9746;9.1461;31.0926;-10.5303;-50.2388;249.9505;22.1380;966.3130;470.1493;42.634907;-8.966390;12.4640;491.0000;132.9200
119;1191;-1.0308;-0.1033;9.7573;2.2583;0.5290;-0.6612;-2.7809;2.6907;1.6644;32.1223;-13.7649;-50.0999;245.3294;22.1406;966.3121;470.1577;42.634884;-8.966364;11.2416;491.3000;135.6600
120;1092;-1.0923;0.5855;9.6347;-0.3496;0.3718;5.4155;1.0337;4.8744;5.0317;32.5426;-11.6187;-48.8392;248.9254;22.1405;966.3130;470.1491;42.634857;-8.966323;9.1118;491.3000;137.1500
121;1170;-0.8649;0.2536;9.7514;0.4883;0.0102;3.6112;2.0357;4.8605;11.0124;31.0833;-10.7021;-49.0843;249.4844;22.1407;966.3141;470.1400;42.634842;-8.966307;8.2784;491.8000;138.7800
122;1190;-0.8892;0.2149;9.7729;0.2035;0.1017;0.0966;1.6859;5.1732;12.8654;32.3966;-8.7023;-48.1002;253.5618;22.1380;966.3243;470.0516;42.634838;-8.966302;5.3523;491.9000;143.8100
123;1217;-0.3752;0.2664;9.7864;0.0712;-0.0203;0.0203;1.6873;4.4902;12.8448;33.1591;-8.1652;-48.7141;254.7850;22.1392;966.3165;470.1189;42.634846;-8.966295;2.7780;492.0000;143.8100
124;1164;-0.2548;0.2540;9.7956;-0.0559;0.0458;0.0000;1.5921;3.0235;12.8485;33.2387;-7.9414;-49.0163;255.1792;22.1392;966.3155;470.1281;42.634850;-8.966289;1.6483;492.0000;143.8100
125;1191;-0.2552;0.2763;9.7717;0.0305;0.0458;0.0000;1.5651;2.2746;12.8526;33.2872;-8.1597;-48.8205;254.8434;22.1393;966.3104;470.1725;42.634846;-8.966286;1.6853;491.9000;143.8100
126;1191;-0.2572;0.2588;9.7757;-0.1780;0.0102;0.0000;1.5408;1.9093;12.8540;33.2499;-8.1166;-48.9316;254.8983;22.1392;966.3126;470.1530;42.634842;-8.966281;0.0926;491.5000;143.8100
127;1191;-0.2500;0.2612;9.7876;-0.1322;0.0407;0.0000;1.4900;1.7194;12.8540;32.9726;-7.8209;-48.6630;255.2732;22.1404;966.3182;470.1035;42.634838;-8.966278;0.5371;491.4000;143.8100
128;1091;-0.2549;0.2506;9.7900;0.0111;0.0166;0.0000;1.4936;1.6395;12.8585;33.1782;-7.9129;-48.7515;255.2024;22.1407;966.3194;470.0944;42.634834;-8.966277;0.7778;491.4000;143.8100
129;1217;-0.2444;0.2293;9.8084;0.3255;0.0559;0.0000;1.4951;1.5981;12.8595;33.5900;-7.9928;-48.9819;255.2303;22.1394;966.3162;470.1222;42.634827;-8.966284;1.2594;491.6000;143.8100
130;1164;-0.2516;0.2584;9.7805;0.0356;0.0153;0.0000;1.4969;1.5747;12.8595;33.7237;-8.0392;-48.7704;255.2092;22.1404;966.3091;470.1825;42.634819;-8.966281;1.8705;491.6000;143.8100
131;1158;-0.2544;0.2600;9.7809;-0.1373;0.0407;0.0000;1.4932;1.5610;12.8595;33.6928;-7.9789;-48.8278;255.2924;22.1413;966.3102;470.1739;42.634815;-8.966279;1.7224;491.5000;143.8100
132;1218;-0.2516;0.2420;9.7932;0.0610;0.0102;0.0000;1.4909;1.5596;12.8627;33.6523;-8.1492;-48.9833;255.0033;22.1413;966.3177;470.1086;42.634811;-8.966277;1.4816;491.5000;143.8100
133;1164;-0.2496;0.2484;9.7952;0.2085;0.0865;0.0559;1.5308;1.5541;12.8751;33.0281;-8.1391;-48.9591;254.7754;22.1412;966.3163;470.1207;42.634815;-8.966275;0.9630;491.5000;143.8100
134;1092;-0.2366;0.2854;9.7861;0.1887;-0.0222;0.2497;1.7548;1.5241;13.0712;32.3384;-8.7785;-48.8008;253.4300;22.1427;966.3191;470.0967;42.634815;-8.966273;0.6852;491.5000;143.8100
135;1217;0.2480;0.5471;9.7653;-0.4985;-0.0153;4.0131;2.0865;0.6340;14.7780;31.0990;-9.1820;-49.0530;252.1419;22.1425;966.3152;470.1299;42.634815;-8.966269;0.6112;491.5000;143.8100
136;1164;0.2612;0.2779;9.8044;-1.2309;0.0305;9.1197;1.5097;-0.5672;23.4558;26.9087;-6.8205;-48.0860;254.3815;22.1409;966.3060;470.2098;42.634811;-8.966263;2.0742;491.5000;143.8100
137;1190;0.6655;-0.3896;9.7681;-0.5188;0.7222;4.0283;-0.8011;-1.7615;32.6523;25.6651;-3.3185;-48.5635;261.2140;22.1431;966.3036;470.2312;42.634808;-8.966241;3.8336;491.3000;143.8100
138;1190;0.5595;-0.8996;9.7613;-1.2054;0.2594;-5.5237;-2.9654;-2.0224;31.3083;25.3580;-4.0058;-49.2501;259.5990;22.1431;966.2988;470.2719;42.634800;-8.966222;5.3708;491.1000;143.8100
139;1190;0.6627;-1.1114;9.7900;0.0610;0.1729;-9.7555;-4.9113;-3.1979;20.7907;27.7425;-6.7735;-48.8930;254.9309;22.1418;966.2931;470.3219;42.634777;-8.966202;6.7413;491.0000;135.5500
140;1091;0.6943;-0.9409;9.6582;2.7355;-0.2497;-4.3834;-4.6707;-4.0794;12.4071;28.9911;-10.6287;-51.2472;248.4788;22.1432;966.2946;470.3077;42.634758;-8.966172;9.0007;490.8000;130.7200
141;1159;0.2405;-0.4681;9.6836;-1.1088;0.8036;0.1170;-4.3835;-3.2616;10.4077;30.8053;-9.3521;-49.8281;251.7144;22.1440;966.2919;470.3315;42.634716;-8.966133;13.6122;490.8000;131.9000
142;1192;-0.1539;-0.6388;9.7793;1.6632;0.6205;0.3815;-4.5575;-0.4303;10.9369;29.1137;-9.9698;-51.0612;249.6834;22.1446;966.2869;470.3755;42.634686;-8.966089;13.6122;490.7000;131.9000
143;1091;0.1331;-0.4629;9.3080;-3.7398;0.7546;0.6492;-3.6330;-0.1778;11.6540;28.0268;-11.1915;-49.3718;246.8125;22.1456;966.3007;470.2559;42.634628;-8.965991;17.8903;490.2000;128.7900
144;1191;0.5204;-0.3310;9.4176;-0.5798;-0.9359;-0.1882;-2.6962;-0.9444;11.7448;29.6081;-9.6688;-49.3692;250.4750;22.1463;966.3093;470.1812;42.634590;-8.965935;19.6127;489.9000;128.3500
145;1091;0.2945;-0.3859;9.4128;1.3206;0.6714;0.0166;-2.5723;-1.8397;11.6680;29.8315;-9.6292;-49.3096;250.6911;22.1437;966.3109;470.1676;42.634548;-8.965873;21.5943;489.5000;128.9800
146;1191;-0.7002;-0.4123;9.2788;0.9308;0.0966;-0.4883;-2.3804;-0.0966;11.3841;29.8837;-9.7334;-48.9684;250.5250;22.1418;966.3162;470.1219;42.634510;-8.965802;23.5204;489.1000;128.6200
147;1219;-0.2026;-0.2424;9.8335;-2.1261;-0.1424;0.5646;-2.5392;0.9251;11.1429;30.0753;-9.4150;-49.5982;251.1411;22.1429;966.3386;469.9278;42.634468;-8.965735;24.6316;488.7000;128.3900
148;1164;-0.1611;-0.0726;9.7410;-2.0091;0.3357;1.2970;-1.4589;1.2080;12.6151;30.5124;-8.4211;-49.5195;253.1375;22.1430;966.3526;469.8073;42.634422;-8.965668;24.6316;488.4000;128.3900
149;1092;-0.1066;-0.4428;9.9470;-1.8089;-1.2484;-0.2608;-1.7688;0.8779;13.3629;28.0275;-9.9547;-49.4039;249.0154;22.1417;966.3788;469.5809;42.634338;-8.965517;26.6873;487.3000;128.9300
150;1091;0.2654;-0.5007;9.8927;1.0820;0.4439;0.3773;-1.6315;0.0619;13.3689;28.8952;-9.5822;-49.7863;250.1896;22.1415;966.3958;469.4337;42.634300;-8.965437;27.9282;487.0000;127.7700
151;1168;0.1563;-0.5204;10.0588;0.5798;-0.9104;-0.4527;-1.7715;-0.9412;13.2715;31.2116;-8.3391;-49.7461;253.6291;22.1435;966.4165;469.2550;42.634254;-8.965358;29.4653;486.8000;126.2800
152;1191;0.0427;-0.2082;9.2537;-0.9715;-0.5849;0.1526;-1.7569;-1.4580;12.9918;30.8081;-9.1300;-49.3383;252.0637;22.1434;966.4070;469.3379;42.634197;-8.965274;31.2432;486.7000;128.2500
153;1091;0.0592;-0.2332;9.7848;1.1708;-0.1942;-0.6714;-0.9503;-1.2090;12.8780;30.9878;-9.7080;-49.3321;251.1629;22.1443;966.4069;469.3378;42.634144;-8.965189;31.8914;486.6000;128.7000
154;1091;0.1797;-0.0835;9.9275;3.6510;-0.3829;0.4772;-0.4170;-1.0242;12.8385;30.6602;-10.1015;-50.0357;250.2886;22.1445;966.4034;469.3680;42.634094;-8.965100;32.0766;486.4000;128.2100
155;1191;0.1049;-0.1743;9.9172;3.0772;0.6866;-0.2085;-0.6784;-0.8835;12.8435;29.3612;-11.4646;-50.0063;247.2559;22.1462;966.3919;469.4680;42.634041;-8.965018;33.0767;486.2000;127.7100
156;1091;-0.0296;-0.2984;10.0610;1.0154;-0.8378;-0.7990;-1.3448;-0.7556;12.4585;29.8968;-11.1988;-50.2819;248.0502;22.1455;966.4038;469.3652;42.633911;-8.964846;34.8546;485.6000;131.0000
157;1091;0.4468;-0.8940;10.0532;2.1529;0.2608;-3.6843;-2.2088;-0.6437;10.0745;30.6949;-12.0832;-49.5496;247.0843;22.1448;966.3788;469.5809;42.633850;-8.964753;34.8361;485.3000;131.3100
158;1191;0.9706;-1.4132;10.1948;0.9816;-0.1170;-5.3457;-3.6145;-2.4651;4.8532;32.8520;-12.9331;-50.1071;246.9875;22.1462;966.3770;469.5963;42.633774;-8.964675;35.4843;485.4000;135.1500
159;1191;0.4482;-1.9125;10.3639;3.7486;-0.4832;-7.2632;-5.3494;-3.5481;-3.0666;34.9214;-15.1507;-50.0322;245.0988;22.1473;966.3416;469.9027;42.633694;-8.964597;36.5955;485.7000;137.8800
160;1191;0.2592;-0.9507;9.1408;0.1526;1.8463;-5.1982;-6.5016;-3.0148;-11.2001;38.4442;-15.2490;-50.4746;246.9863;22.1494;966.3255;470.0416;42.633595;-8.964540;37.3548;486.1000;146.1400
161;1170;-0.4809;-0.4769;9.7358;0.6358;0.6917;-1.0935;-5.3865;-0.7416;-14.7134;38.5820;-15.1558;-49.9695;247.1660;22.1498;966.2999;470.2626;42.633476;-8.964481;40.7996;485.7000;152.2600
162;1218;-0.0351;-0.4183;10.1621;-4.0538;-1.1851;-0.5442;-3.8269;-0.1712;-15.8633;39.0769;-15.4795;-50.6352;246.9713;22.1485;966.3020;470.2447;42.633259;-8.964383;43.2257;485.7000;159.3000
163;1064;-0.3754;-0.4676;9.3785;2.2028;-0.1165;-0.1720;-2.9808;-0.0295;-15.8887;39.5319;-14.5868;-49.9954;248.3528;22.1496;966.3232;470.0614;42.633152;-8.964334;43.5405;484.6000;160.2600
164;1091;0.0613;-0.3397;10.1541;-0.6214;-0.5493;-0.0610;-2.5244;0.2876;-16.1115;39.1096;-16.1598;-51.9735;246.1480;22.1494;966.3161;470.1227;42.633049;-8.964285;44.4480;484.8000;160.8000
165;1191;-0.7888;0.8079;9.0459;-7.6803;0.5086;1.8056;-2.2298;0.5164;-15.6596;38.6677;-15.6670;-50.5976;246.5507;22.1490;966.3448;469.8750;42.632942;-8.964235;44.7814;484.9000;161.0300
166;1091;-0.9897;-0.3067;9.5651;-0.4716;1.4537;1.1097;-0.7665;2.7970;-12.4979;37.3499;-15.7493;-51.5222;245.7471;22.1487;966.3818;469.5553;42.632839;-8.964180;43.9480;484.6000;159.4300
167;1191;-0.7692;-1.2126;9.7585;3.3976;0.2136;-3.8096;-3.5907;4.4444;-14.7610;38.4830;-15.4130;-51.0247;246.7961;22.1496;966.3888;469.4946;42.632744;-8.964127;42.6330;485.1000;159.1200
168;1091;-0.4990;-1.0588;9.6512;-2.4359;-0.9377;-2.8409;-5.2255;4.8290;-18.1834;39.1987;-15.8317;-51.4458;246.6172;22.1490;966.3918;469.4685;42.632652;-8.964089;42.6330;485.7000;159.1200
169;1191;1.5285;-0.2117;9.6517;-1.0783;-0.2085;0.9410;-4.4504;-0.7256;-19.9873;40.0769;-15.9460;-50.4812;246.9114;22.1478;966.3964;469.4297;42.632465;-8.964019;40.0402;485.7000;164.7900
170;1091;0.3411;-0.3615;9.7839;5.7595;1.6036;1.8255;-1.9676;-3.3698;-17.8768;38.6237;-16.3071;-49.5202;245.6968;22.1468;966.3760;469.6051;42.632351;-8.963979;43.3553;486.4000;163.6700
171;1168;-0.1691;-0.3397;10.3180;-3.3925;-1.3529;0.4730;-1.5157;-0.5122;-16.5500;38.9781;-14.4628;-49.3473;248.2431;22.1483;966.3752;469.6118;42.632233;-8.963935;45.2629;486.9000;163.2400
172;1218;0.1878;-0.5411;9.9539;2.2939;-0.2645;-0.1322;-1.7198;-0.1241;-16.2822;38.2166;-15.0778;-49.3263;247.0463;22.1477;966.4058;469.3476;42.632118;-8.963886;46.9297;487.1000;162.2400
173;1064;-0.1679;-0.3411;9.6669;0.9766;0.1776;0.2663;-2.2767;-0.1878;-16.2013;38.1419;-14.8054;-50.5610;247.3724;22.1473;966.4213;469.2145;42.631996;-8.963835;48.5594;487.1000;161.6500
174;1191;-0.5710;-0.3864;9.6237;-0.4272;0.7324;-0.2391;-1.8883;1.3472;-15.5049;38.8835;-12.8435;-49.0747;250.3283;22.1483;966.4768;468.7346;42.631870;-8.963778;51.1893;486.9000;161.5000
175;1091;-1.0893;-0.0740;9.5125;2.5857;0.5216;0.9988;-2.0025;3.3438;-15.7239;37.5972;-14.7107;-48.9187;247.2527;22.1476;966.5523;468.0828;42.631622;-8.963661;52.0782;486.9000;161.3000
176;1091;-1.0958;-1.1510;9.9544;-1.2041;0.1443;-0.8434;-3.3973;5.8582;-15.0643;38.3678;-12.3185;-49.1607;250.8119;22.1472;966.6580;467.1704;42.631504;-8.963605;51.3560;486.3000;161.2000
177;1190;-0.7162;-0.9343;9.9707;2.1108;-1.5208;-0.5493;-4.7113;5.5692;-16.5399;38.7301;-12.7777;-48.7159;250.3571;22.1487;966.7794;466.1218;42.631382;-8.963552;50.9485;486.1000;162.2500
178;1190;-0.8920;-0.4518;10.0536;2.0040;-0.9918;0.7629;-2.8972;5.1320;-15.8043;37.4521;-14.2180;-48.1713;247.7984;22.1492;966.8807;465.2473;42.631264;-8.963499;50.6152;485.8000;162.0300
179;1191;-0.7780;-0.6121;9.6720;-1.3885;-0.1628;-1.3326;-2.5543;4.8299;-16.2126;38.4270;-14.9807;-50.5920;247.2877;22.1495;966.9561;464.5961;42.631145;-8.963447;50.2448;485.4000;162.0000
180;1091;-0.5129;-0.2253;9.4916;-3.8785;-0.4883;-0.4994;-3.5331;3.7398;-17.4453;38.5407;-15.8562;-51.4124;246.2458;22.1489;967.0511;463.7763;42.631031;-8.963396;49.2262;485.1000;162.7800
181;1197;0.3222;0.0969;10.1015;4.5522;-0.2085;1.5666;-2.4866;1.6983;-17.2124;39.7116;-15.3938;-51.7220;247.4155;22.1474;967.0940;463.4057;42.630917;-8.963351;48.1890;484.6000;164.0900
182;1164;0.7604;0.4099;10.1517;1.9989;-1.3682;3.3162;0.2481;-1.8210;-13.1818;36.6418;-17.6969;-52.0027;242.8157;22.1498;967.1104;463.2649;42.630695;-8.963249;47.9853;484.5000;160.0500
183;1190;0.2620;-0.0160;9.4475;1.0274;0.9410;1.6937;-0.0893;-2.4266;-10.3619;36.2607;-15.7594;-51.1365;245.0956;22.1492;967.1267;463.1236;42.630573;-8.963180;51.0041;484.2000;156.6600
184;1218;-0.5698;-0.3784;9.8770;-2.6143;-0.2085;0.1119;-0.9283;-0.5681;-9.6419;36.2215;-15.2520;-50.6529;245.7385;22.1488;967.0958;463.3902;42.630459;-8.963105;52.3931;484.0000;155.2200
185;1064;-0.4093;-0.1166;9.2336;1.3927;0.7935;0.8545;-1.2724;1.2784;-8.9823;36.7436;-14.2348;-49.9156;247.4381;22.1507;967.1109;463.2601;42.630341;-8.963031;52.5412;483.8000;155.2400
186;1190;-0.3154;-0.4143;10.1876;-3.4332;-1.0732;0.0509;-1.6672;1.2035;-8.5286;36.0146;-15.2374;-52.3940;245.6803;22.1496;967.1100;463.2679;42.630219;-8.962956;52.2079;483.7000;155.1500
187;1191;0.1276;-0.8406;9.5249;-2.0701;-0.1780;-1.0478;-3.6978;0.1195;-9.0898;34.7551;-17.6107;-52.6912;241.7494;22.1500;967.0917;463.4256;42.629986;-8.962809;51.0782;483.8000;155.0700
188;1091;0.5899;-0.1640;9.2158;-3.0185;0.8711;0.4883;-3.4492;-1.5006;-9.6790;37.2770;-15.1456;-50.7140;246.4998;22.1495;967.0493;463.7921;42.629868;-8.962735;51.8560;483.6000;155.1000
189;1091;-0.5451;-0.2406;9.7756;3.4457;0.1776;1.1985;-2.2187;-0.2167;-8.3516;35.7345;-15.2762;-50.4519;245.4577;22.1506;967.0200;464.0443;42.629749;-8.962658;52.3560;483.9000;154.0100
190;1091;-0.5646;-0.3915;9.5098;-3.5012;-0.0943;0.1110;-3.2674;1.6380;-8.0909;36.0265;-14.4476;-50.0684;246.7584;22.1504;967.0168;464.0718;42.629635;-8.962583;51.3560;484.0000;154.0800
191;1164;-0.2963;-0.7931;10.2849;-0.1221;-0.0051;-0.5544;-3.6607;1.9025;-8.0576;33.9673;-17.0336;-52.0877;241.9697;22.1518;966.9977;464.2373;42.629524;-8.962508;50.2818;484.0000;154.2300
192;1218;-0.2281;-0.5244;9.6301;2.5787;0.5188;0.2797;-3.1870;2.1538;-8.5460;36.9791;-14.0677;-51.0005;247.7827;22.1505;966.9718;464.4606;42.629414;-8.962438;49.1336;483.8000;154.8100
193;1164;-0.2217;-0.4422;9.5747;0.1882;0.3357;-0.3815;-2.7388;2.5305;-8.3798;37.0589;-13.6129;-50.2948;248.4440;22.1505;966.9717;464.4612;42.629307;-8.962368;48.2261;483.7000;154.9100
194;1091;-0.2980;-1.0301;9.7073;-0.5382;-0.6658;-2.2028;-3.7169;2.1623;-9.7788;35.6334;-15.9424;-49.5634;244.4981;22.1492;966.9942;464.2675;42.629089;-8.962235;47.4297;483.7000;156.2400
195;1091;0.6360;-1.7579;10.0401;0.1942;0.2219;-4.0505;-5.9631;-0.6881;-13.3444;37.1930;-17.1904;-52.4390;243.8030;22.1502;966.9991;464.2249;42.628979;-8.962175;46.7630;483.2000;157.8100
196;1190;0.3537;-1.3215;9.9870;2.4821;0.1068;-4.2063;-5.7605;-2.7914;-18.1398;38.8120;-18.8843;-51.2414;242.6624;22.1502;966.9722;464.4569;42.628860;-8.962121;48.1520;483.6000;159.5200
197;1191;-0.0710;-0.9582;10.6223;0.2543;-0.4730;-2.9043;-5.5005;-1.3971;-22.2331;40.5774;-18.7751;-50.0238;243.7915;22.1480;966.9334;464.7916;42.628735;-8.962081;48.9113;483.4000;164.4600
198;1091;0.5003;-0.9583;10.0897;0.8878;-0.3773;-1.6757;-5.7269;-2.6068;-24.7177;41.0433;-19.7918;-51.7330;242.8487;22.1483;966.9068;465.0217;42.628609;-8.962052;48.9669;483.5000;169.1700
199;1191;-0.4051;-0.5650;9.2892;-0.2391;-0.7070;-1.0529;-5.3467;-1.9341;-26.4267;42.1139;-19.6668;-51.6318;243.5609;22.1492;966.8374;465.6211;42.628483;-8.962028;49.2262;483.9000;171.4700
200;1190;-0.0235;-0.2145;9.5695;-0.8799;-0.2492;0.5849;-4.6587;-0.4669;-27.0621;42.5271;-19.1536;-53.2931;244.3840;22.1481;966.7440;466.4277;42.628365;-8.962005;49.2262;483.9000;171.4700
201;1125;0.4454;-0.6205;9.3358;-3.2654;0.4628;-1.1139;-3.9304;-0.4784;-26.6917;42.3474;-19.0733;-53.6300;244.3429;22.1477;966.6702;467.0653;42.628139;-8.961967;47.3001;484.4000;172.8300
202;1191;0.0754;-0.3294;10.0249;-0.3560;0.7426;1.1342;-4.1240;-0.2518;-26.8254;43.3142;-17.9758;-53.0633;246.0791;22.1464;966.5798;467.8455;42.628025;-8.961946;46.7815;484.5000;172.8400
203;1218;0.2732;-0.3501;10.1964;1.4496;-0.8952;3.0009;-3.7816;-0.3406;-24.7348;41.4104;-18.6797;-53.0876;244.3372;22.1453;966.4948;468.5795;42.627914;-8.961927;46.2074;484.6000;172.7900
204;1064;0.6917;1.0388;10.0010;1.4926;-0.9211;10.0153;-0.8285;-3.2050;-18.0356;38.9294;-18.9858;-53.2528;242.6309;22.1460;966.3999;469.3990;42.627808;-8.961903;44.9295;484.5000;171.0500
205;1191;0.3262;1.6070;9.8813;-4.2267;-1.4140;12.1765;3.5637;-3.7688;-4.2819;33.7271;-16.1504;-53.3613;243.0949;22.1454;966.3007;470.2563;42.627708;-8.961855;44.3739;484.6000;165.5200
206;1191;0.7844;1.8973;9.9105;6.9834;-0.3866;16.1692;7.2459;-5.3178;12.2415;29.2539;-11.9726;-52.3203;246.5260;22.1436;966.2010;471.1161;42.627522;-8.961710;44.3739;485.1000;152.2300
207;1190;1.0966;-0.1113;9.8247;-0.7375;0.0865;5.8543;7.0821;-6.6069;26.8460;25.8234;-7.1785;-50.1959;252.9941;22.1433;966.0977;472.0093;42.627460;-8.961609;43.2627;486.7000;143.4200
208;1091;0.4120;-0.4742;10.3773;-0.4938;1.4094;1.4704;3.6609;-5.1546;29.9138;26.9377;-4.8026;-50.6037;258.4631;22.1421;966.0001;472.8522;42.627388;-8.961490;44.9851;487.4000;137.1400
209;1091;-0.7052;-0.5003;9.5451;1.2873;0.6825;0.1276;1.3229;-0.9338;30.7862;26.5517;-4.0948;-49.3051;259.6237;22.1400;965.9578;473.2185;42.627350;-8.961361;44.3924;487.6000;129.1200
210;1191;-0.7265;-0.2955;9.3247;4.0843;1.9226;-0.5290;0.1414;2.2476;30.4793;26.0573;-4.3633;-48.7042;258.8632;22.1416;965.9301;473.4575;42.627308;-8.961237;43.1886;488.0000;125.0100
211;1170;-0.8697;-1.5277;9.7940;-0.6663;0.1882;-4.6082;-3.5472;3.7372;27.1715;26.6405;-4.3929;-49.0108;259.1550;22.1425;965.9243;473.5076;42.627254;-8.961116;42.8738;488.2000;124.4900
212;1190;-0.7824;-1.3821;9.6919;2.1261;-0.5086;-4.0639;-5.8868;3.8914;21.4613;27.9779;-6.0192;-49.7197;256.4218;22.1445;965.9677;473.1322;42.627144;-8.960873;42.0404;488.4000;123.9400
213;1191;-0.6703;-1.4615;9.6337;0.0865;-1.1088;-6.0883;-6.4682;3.2529;15.7672;29.2197;-8.6186;-49.8371;252.1886;22.1443;966.0320;472.5769;42.627083;-8.960776;39.7810;488.7000;127.0300
214;1091;0.2423;-2.5492;10.4538;0.1221;-2.0918;-9.3384;-9.3663;0.4599;6.6447;32.1442;-11.9643;-49.2999;248.1786;22.1439;966.0829;472.1375;42.627026;-8.960684;37.4474;488.7000;129.0600
215;1191;0.7441;-1.8937;10.2538;0.1780;-0.7426;-6.3527;-10.3560;-3.3669;-2.1725;35.1393;-14.7551;-51.6188;245.7572;22.1451;966.0789;472.1721;42.626953;-8.960600;36.7252;488.9000;133.7500
216;1091;0.7761;-0.8752;9.2249;2.2417;-0.3329;-2.6911;-9.1441;-5.1870;-6.9913;36.6769;-15.4140;-51.1716;245.7762;22.1432;966.0719;472.2315;42.626873;-8.960532;36.0584;489.1000;139.0400
217;1218;0.4598;-0.7636;9.8682;0.4018;1.1190;0.0610;-6.8472;-4.1144;-8.1129;36.2967;-16.2669;-52.2535;244.4609;22.1453;966.0302;472.5918;42.626781;-8.960469;36.7252;489.1000;144.4300
218;1064;-0.2801;-0.7530;9.8853;-0.9877;0.7102;-0.5604;-5.6759;-1.7478;-8.5299;36.9655;-15.1792;-51.0133;246.2905;22.1454;965.9734;473.0831;42.626587;-8.960335;40.0773;489.1000;149.7900
219;1091;-0.2897;-0.6256;10.2589;-0.6714;0.1776;0.3995;-4.8944;1.2360;-8.5214;36.3354;-15.3987;-50.7273;245.6347;22.1440;965.9120;473.6138;42.626492;-8.960278;40.2995;489.1000;152.4600
220;1191;-0.6540;-0.6320;9.5942;1.6429;0.6561;-0.7528;-3.4685;2.3822;-8.7758;37.2038;-15.7846;-51.2805;245.6141;22.1427;965.8787;473.9017;42.626404;-8.960220;39.5587;489.5000;154.3600
221;1169;-0.7198;-0.6548;9.6760;-2.6601;-0.0305;-1.2461;-3.8521;3.2625;-9.9069;36.6442;-16.5347;-51.1029;244.3074;22.1431;965.8745;473.9382;42.626316;-8.960169;38.4846;489.7000;156.4200
222;1191;-0.3234;-0.7600;10.1266;-4.2114;-1.0325;-1.2105;-4.0503;2.7530;-11.1328;38.3512;-15.3565;-51.0226;246.7952;22.1410;965.8568;474.0910;42.626232;-8.960122;37.0215;489.8000;157.9700
223;1091;-0.5529;0.1405;9.8513;1.8477;-1.0986;1.5259;-2.7016;2.7905;-11.7179;37.7154;-16.9248;-52.7045;244.4531;22.1408;965.8500;474.1493;42.626152;-8.960078;36.0399;490.1000;159.7700
224;1218;0.6304;1.1887;9.7705;-1.2105;0.7731;8.9925;0.5438;0.9590;-4.9100;34.5707;-15.9837;-51.1133;243.6850;22.1412;965.8303;474.3195;42.626080;-8.960033;34.6139;490.0000;159.2100
225;1064;-0.1027;0.7339;10.1467;1.1652;1.7256;8.1732;3.6195;-0.8564;5.6330;32.1337;-12.3760;-50.9287;247.5209;22.1419;965.8078;474.5146;42.625946;-8.959904;35.3732;490.0000;144.2400
226;1191;-0.4474;0.2301;9.8307;0.0051;1.6836;4.2267;4.0631;1.6901;12.7382;29.7968;-10.4959;-50.1370;249.1708;22.1414;965.8221;474.3896;42.625877;-8.959825;36.3548;490.5000;141.3300
227;1191;-0.3629;-0.5718;9.4355;-0.0966;1.8667;-0.7629;1.4882;4.3987;14.7487;29.2843;-7.7614;-47.7014;253.6214;22.1423;965.8405;474.2317;42.625813;-8.959745;35.8177;490.2000;139.9800
228;1190;-0.3449;-0.8542;9.6357;0.3815;1.1800;-2.9144;-0.9366;3.4218;12.1518;31.1059;-7.4621;-48.0987;255.0264;22.1423;965.8845;473.8517;42.625744;-8.959661;36.3918;489.1000;139.4500
229;1191;-0.7190;-0.5782;9.7326;0.1373;-0.1831;-1.9328;-2.5516;4.1258;9.0312;32.6860;-7.3143;-48.1728;255.9395;22.1427;965.9554;473.2385;42.625671;-8.959572;38.3549;488.5000;138.9900
230;1218;-0.7907;-0.6480;9.6417;1.7344;0.1984;-1.9073;-2.9132;3.9404;6.9887;32.6292;-8.4438;-48.6079;254.0797;22.1426;966.0837;472.1299;42.625599;-8.959482;38.9105;487.9000;139.4100
231;1033;-0.6969;-1.4543;9.9510;1.5259;0.0721;-4.7219;-4.5768;4.3865;3.0797;34.0430;-8.9606;-48.0091;253.8155;22.1451;966.2208;470.9460;42.625435;-8.959302;41.1885;487.2000;141.5700
232;1091;-0.8618;-1.5291;9.7256;0.6880;-0.1720;-5.4210;-6.0320;3.7234;-2.6642;34.7249;-12.1187;-49.1847;249.3969;22.1445;966.3589;469.7530;42.625347;-8.959221;41.0588;486.8000;143.9500
233;1191;-0.7525;-1.2222;9.8502;1.7802;0.1577;-3.8961;-6.4902;3.9093;-8.0832;38.1676;-10.6687;-48.7668;252.9902;22.1457;966.4951;468.5769;42.625244;-8.959146;42.9849;486.1000;147.5300
234;1091;-1.6670;-0.7656;9.8587;1.3705;-0.1776;-2.0807;-6.0230;4.4684;-11.4622;37.3983;-13.2159;-48.0831;249.1233;22.1450;966.6476;467.2593;42.625118;-8.959090;44.5962;485.4000;154.4400
235;1190;-1.9567;-1.0759;9.8339;0.2899;-0.4527;-4.0588;-4.8885;7.4973;-14.6590;39.9718;-13.2980;-49.5274;250.2062;22.1456;966.8320;465.6667;42.625008;-8.959039;44.9295;485.0000;158.7000
236;1091;-1.7505;-1.7949;9.7391;0.1443;-0.1665;-7.7848;-7.5955;8.2747;-21.6196;41.7840;-14.1414;-48.9875;249.8702;22.1460;966.9906;464.2979;42.624905;-8.958990;44.4110;484.8000;160.8100
237;1191;-0.9917;-2.0919;9.9292;1.1495;-0.6358;-10.4319;-8.7190;6.6064;-31.8942;45.8602;-14.9390;-50.0075;250.5789;22.1471;967.1334;463.0663;42.624817;-8.958974;39.3365;483.5000;168.0000
238;1191;-0.6516;-2.2594;10.1274;0.2035;-1.7192;-11.1287;-10.9575;2.6939;-44.7011;50.6929;-14.1558;-51.1775;253.0182;22.1502;967.2471;462.0845;42.624619;-8.959001;38.7809;483.5000;186.2100
239;1191;0.1336;-1.7797;9.4611;-1.0834;1.5157;-7.0648;-12.3413;0.1186;-55.4837;52.1125;-13.3403;-50.5504;254.2022;22.1495;967.3179;461.4731;42.624523;-8.959048;40.1699;483.4000;194.8000
240;1091;-0.5855;-1.3594;9.9240;2.1806;0.1054;-4.8551;-9.9411;0.5778;-62.0937;55.7170;-10.5873;-50.5192;257.8411;22.1479;967.3801;460.9363;42.624443;-8.959109;39.4661;483.3000;202.3100
241;1197;-0.6835;-1.2358;9.5819;-0.7273;0.3408;-5.5288;-7.8973;1.7303;-67.7220;57.0237;-9.2437;-50.3282;259.3839;22.1472;967.4554;460.2864;42.624367;-8.959195;40.9292;483.2000;211.1400
242;1064;0.3963;-1.0279;9.8218;1.2817;-0.4716;-4.0783;-7.0367;1.3293;-73.6459;58.1784;-7.6170;-51.0179;261.1544;22.1479;967.5303;459.6406;42.624294;-8.959272;40.2254;482.9000;214.3100
243;1191;0.0670;-0.7186;9.6975;-0.3916;0.9969;-1.9480;-6.5506;-0.5223;-77.3630;57.5050;-7.0758;-49.5973;261.5873;22.1497;967.5789;459.2208;42.624210;-8.959353;40.8366;482.4000;215.3800
244;1091;-0.7156;0.0078;10.0432;-0.1165;-1.2207;0.6159;-3.5111;0.6767;-77.9999;57.7718;-7.7163;-50.2379;260.9897;22.1493;967.6468;458.6354;42.624062;-8.959555;42.5590;482.4000;221.3900
245;1091;-0.7030;-0.3645;10.0223;-0.7657;-0.9377;-0.0055;-2.7631;1.6534;-77.2823;56.3872;-9.2436;-51.2034;259.3068;22.1490;967.7449;457.7893;42.623993;-8.959671;43.8183;481.0000;224.5900
246;1091;-0.6912;-0.5168;9.8361;1.6812;0.0832;-0.2663;-2.8619;2.4405;-77.5700;58.1077;-7.9681;-52.2942;260.8072;22.1483;967.8353;457.0084;42.623913;-8.959798;45.5777;480.5000;226.6200
247;1091;-0.8618;-0.9692;9.9831;-1.1486;-1.3705;-2.0197;-3.6370;2.8185;-78.6386;59.2593;-7.1261;-51.0567;261.7564;22.1477;967.8965;456.4810;42.623840;-8.959925;45.9296;480.1000;228.7500
248;1091;-0.7400;-1.5421;9.2280;0.4051;1.3483;-5.5542;-5.3339;3.6934;-82.9258;58.7963;-6.0921;-51.1998;262.6436;22.1478;967.9563;455.9646;42.623775;-8.960043;45.2073;479.3000;229.8100
249;1091;-0.1279;-1.2350;9.1888;2.5080;1.5370;-5.4210;-6.2282;3.7568;-89.3493;60.6252;-3.4592;-51.1145;265.3506;22.1481;967.9973;455.6119;42.623695;-8.960165;45.6148;478.7000;230.1200
250;1191;-0.0347;-0.6588;9.6305;-1.4089;0.8698;-2.7364;-5.6841;2.7118;-94.3314;61.0878;-1.4308;-51.8408;267.2676;22.1470;968.0277;455.3490;42.623665;-8.960315;46.4852;478.9000;236.5900
251;1170;-0.1998;0.4291;10.2020;0.2543;-0.6409;2.4058;-3.7321;1.8059;-94.8303;59.5660;-2.0287;-50.8180;266.6634;22.1473;968.0958;454.7620;42.623638;-8.960466;46.4852;478.7000;241.9100
252;1190;-0.0510;1.1090;9.9364;-1.0122;-0.7629;5.2643;-0.2032;0.2902;-90.0229;60.5652;-2.2496;-50.4148;266.4875;22.1477;968.2068;453.8050;42.623535;-8.960763;47.7075;478.3000;243.9300
253;1218;-0.7409;0.7357;9.6975;-0.3967;0.1628;4.0080;3.2607;1.2067;-83.7062;58.5925;-5.6498;-51.1263;263.0719;22.1468;968.3497;452.5722;42.623474;-8.960918;49.3002;477.5000;243.4200
254;1164;-0.8370;-0.3202;9.7848;1.0630;-0.0203;-0.2594;2.0526;3.1320;-81.9649;59.2437;-5.6273;-51.2275;263.1820;22.1458;968.4565;451.6510;42.623398;-8.961071;50.4670;476.8000;241.3500
255;1191;-1.8686;-0.0734;9.7123;-3.0772;-0.2950;0.1424;0.4335;5.0995;-82.0390;59.8661;-4.7838;-51.2847;264.0450;22.1450;968.5606;450.7542;42.623325;-8.961233;52.0412;476.3000;240.4000
256;1191;-1.4643;0.0546;10.1378;-0.4222;-0.7528;0.4883;0.4706;6.9246;-81.8060;60.3243;-5.7852;-52.4483;263.1378;22.1447;968.6911;449.6288;42.623249;-8.961378;51.4115;475.7000;239.2000
257;1191;-1.4443;-0.3705;9.7749;0.5239;-0.3153;-1.3326;0.0847;7.6273;-81.7401;59.2038;-6.9568;-51.4475;261.8880;22.1441;968.8163;448.5495;42.623112;-8.961641;47.4297;475.3000;237.1900
258;1191;-0.6081;-2.1055;9.6142;1.9836;0.2136;-9.5062;-3.5362;6.5456;-88.0756;61.2298;-3.7568;-51.3892;265.0807;22.1437;968.9155;447.6948;42.623043;-8.961762;45.4110;474.1000;236.5300
259;1191;-0.5116;-2.2682;9.5831;2.5584;0.1322;-11.3831;-7.9060;3.8452;-101.2939;62.7606;1.6023;-51.2395;270.0039;22.1443;968.9907;447.0467;42.623013;-8.961908;44.3554;473.5000;241.4400
260;1091;-0.5912;-1.7796;9.6769;-2.6966;-1.2152;-9.4993;-11.4498;1.1086;-113.6491;62.1592;5.8448;-50.6893;273.9818;22.1466;969.0826;446.2555;42.622990;-8.962066;45.2629;472.9000;246.9300
261;1169;-1.4667;-0.3286;9.7027;0.7426;0.3408;-0.8698;-8.5492;2.3195;-118.4669;61.5702;7.0884;-50.6956;275.1586;22.1489;969.1622;445.5692;42.622974;-8.962220;44.6517;472.2000;251.8900
262;1218;-2.5477;-0.4801;9.5954;0.0916;0.6307;-2.1210;-4.9004;8.1583;-119.9698;62.7148;9.5836;-50.4750;277.2820;22.1498;969.2822;444.5355;42.622982;-8.962368;41.6144;471.3000;258.7600
263;1064;-2.7141;-1.0166;9.7082;0.5160;-0.2885;-6.6917;-4.1938;11.4692;-124.5275;61.2904;10.6686;-50.4985;278.4510;22.1488;969.4172;443.3718;42.622993;-8.962601;31.9285;469.1000;273.4300
264;1191;-2.1529;-2.2857;9.7605;3.9266;-0.5086;-18.5343;-6.8660;11.6890;-138.5893;61.3060;17.1822;-52.0623;284.2180;22.1467;969.5025;442.6364;42.622990;-8.962694;28.3726;468.6000;274.9600
265;1091;-1.0493;-2.9877;9.9927;2.5857;-2.1973;-27.3604;-11.3364;6.0075;-165.4047;55.3940;25.8158;-51.1471;293.6292;22.1454;969.5844;441.9313;42.622997;-8.962756;23.2796;469.3000;280.2300
266;1191;-1.0747;-3.6638;10.0010;-0.0051;-1.7242;-30.4311;-14.6750;-1.6306;162.5404;43.9108;31.9214;-48.3069;304.7573;22.1463;969.6705;441.1901;42.623043;-8.962789;17.6125;470.1000;304.2100
267;1091;0.2253;-2.0180;9.8448;-0.5715;-0.7435;-15.0146;-14.6927;-5.5691;136.9016;34.9032;30.6996;-47.2844;309.9719;22.1458;969.7652;440.3742;42.623081;-8.962787;16.1124;468.7000;328.8400
268;1191;0.5678;-0.6887;10.0054;-0.1017;-1.2309;-2.1973;-10.2859;-6.4874;129.2111;31.7916;28.2750;-45.9166;310.2664;22.1441;969.8367;439.7583;42.623138;-8.962740;22.6314;468.5000;3.9600
269;1091;0.5490;-0.5990;9.7943;-0.1554;0.1332;-0.3329;-7.2145;-5.4767;128.4467;32.1363;27.8272;-47.5285;309.5040;22.1427;969.8768;439.4130;42.623211;-8.962689;22.6314;468.4000;3.9600
270;1191;-0.4183;-0.5698;9.6724;0.5188;0.3103;-0.2696;-5.4126;-2.8473;128.0855;31.5031;27.2875;-47.2201;309.5184;22.1428;969.9202;439.0395;42.623379;-8.962576;35.7436;468.4000;30.1000
271;1190;-1.2908;0.2540;9.6816;0.6866;0.1373;2.7466;-3.2085;0.6267;128.6723;31.0102;26.2686;-47.4892;308.8908;22.1418;969.9647;438.6561;42.623463;-8.962513;36.8178;467.0000;29.8000
272;1164;-1.3594;1.6581;9.6050;-3.7486;1.4292;12.8581;1.0355;5.6593;138.1471;33.3201;29.1237;-48.1349;309.7591;22.1423;970.0308;438.0869;42.623535;-8.962459;34.8546;466.8000;27.6600
273;1091;-2.1281;2.1350;9.7521;-2.2694;-0.8267;20.3635;5.1716;7.2315;157.5699;39.4459;31.9789;-49.2705;307.7298;22.1415;970.0967;437.5197;42.623604;-8.962413;33.0397;465.9000;24.9500
274;1191;-1.9858;2.6558;9.7569;-1.6988;-0.5747;27.8219;9.1544;6.2700;-55.4306;47.5005;28.8457;-48.4017;300.0277;22.1418;970.1887;436.7270;42.623672;-8.962415;28.7060;464.8000;14.4900
275;1091;-1.4995;3.4066;9.8261;-4.2669;-1.8810;35.2450;12.5674;1.4082;-139.2412;57.9686;18.4827;-49.6901;286.3690;22.1395;970.2681;436.0439;42.623718;-8.962474;28.7060;462.9000;14.4900
276;1191;-0.8717;2.8392;9.7725;-2.2685;-1.9633;27.5675;12.1252;-3.6983;-104.1820;58.5590;3.1998;-49.4658;271.6886;22.1411;970.3621;435.2349;42.623760;-8.962600;23.1130;462.9000;321.1700
277;1191;-0.4199;0.7545;9.9388;-0.2899;-1.1241;10.2183;8.6792;-3.9679;-82.7046;58.9714;-3.2824;-49.5781;265.4271;22.1390;970.4404;434.5604;42.623722;-8.962650;17.9088;461.5000;306.5000
278;1091;0.2667;0.0679;9.8835;2.4636;0.3995;2.7577;6.3246;-2.1908;-75.7737;57.4669;-7.0661;-50.6742;261.5847;22.1387;970.5368;433.7309;42.623692;-8.962745;22.3351;460.1000;282.1100
279;1191;-0.0969;-0.3070;9.7553;-0.1068;-0.0916;-1.4242;3.8306;-1.4818;-75.4321;58.6597;-6.2363;-50.7046;262.5233;22.1398;970.6306;432.9242;42.623608;-8.962880;33.6508;457.3000;251.5000
280;1191;-0.3529;-1.8048;9.9312;0.4171;-1.1444;-8.3211;-1.2653;-0.0357;-81.5039;60.0435;-3.7599;-50.3120;265.0087;22.1398;970.7521;431.8776;42.623562;-8.963006;38.5031;456.3000;248.5700
281;1169;-0.2229;-1.4698;9.9583;-0.4222;-1.1139;-6.7851;-5.6360;-0.8899;-91.1110;60.9901;-1.9930;-50.9954;266.6961;22.1405;970.8568;430.9773;42.623497;-8.963132;42.3552;454.7000;245.0200
282;1191;-0.4020;-0.2740;10.0859;1.8361;-0.4832;-0.6256;-4.7639;-0.7585;-95.1416;60.6170;-1.6631;-50.3802;267.0372;22.1428;970.9688;430.0132;42.623417;-8.963415;44.9666;454.7000;247.4200
283;1091;-0.4990;0.0735;9.7730;-0.1942;0.8101;0.6936;-1.9900;1.3363;-94.7815;62.2714;-0.6767;-52.5202;267.9839;22.1408;971.0540;429.2803;42.623367;-8.963559;45.8185;454.2000;247.1000
284;1218;-0.9004;0.0774;9.5623;-2.3956;0.4883;0.9867;-1.7075;3.0789;-93.7761;61.0452;-0.9168;-51.8387;267.7507;22.1395;971.1428;428.5169;42.623318;-8.963703;46.1333;453.9000;246.5500
285;1164;-1.7900;-0.1774;9.6210;1.1342;1.0173;1.6988;-1.4282;6.6023;-91.9917;59.7569;-1.1797;-49.8419;267.4618;22.1395;971.2665;427.4527;42.623268;-8.963848;46.0778;453.2000;246.2700
286;1191;-1.7857;-1.0779;9.5958;0.0763;1.9684;-2.2532;-2.9668;9.6730;-92.5017;60.0370;0.4375;-49.3332;269.0300;22.1400;971.3884;426.4034;42.623222;-8.963981;44.2628;452.5000;245.3400
287;1091;-2.5253;-1.2798;9.5973;2.7743;-0.1332;-5.2601;-3.6989;11.4023;-96.3186;61.0288;2.0621;-48.6906;270.5413;22.1407;971.5370;425.1255;42.623146;-8.964226;40.3366;452.2000;246.9000
288;1218;-2.4847;-1.6477;9.5360;4.7251;0.8036;-10.4421;-4.9571;12.5038;-105.5420;61.8274;4.6835;-51.3091;272.8957;22.1419;971.7064;423.6691;42.623127;-8.964344;37.9660;452.2000;250.6300
289;1164;-2.4233;-2.0417;9.6736;3.7944;-0.7477;-16.5609;-8.0388;12.1207;-122.0998;63.6921;14.1029;-51.6205;281.1194;22.1429;971.8763;422.2075;42.623123;-8.964436;32.3359;449.7000;255.4100
290;1091;-1.9497;-2.2921;9.7643;0.5826;-2.0419;-20.5411;-11.0892;7.9431;-143.3251;60.5122;22.3722;-49.9526;288.9471;22.1437;972.0025;421.1231;42.623142;-8.964500;26.1688;448.8000;261.7700
291;1198;-1.5504;-2.5684;9.8363;1.9938;-1.0834;-21.6980;-12.5624;4.5657;-167.1432;53.5220;28.6435;-50.1955;296.8124;22.1450;972.1506;419.8503;42.623173;-8.964561;21.3721;448.4000;272.7200
292;1164;-0.6799;-2.7578;9.7111;0.8392;-0.4120;-20.7621;-12.8412;0.1314;168.1979;44.5348;32.0426;-48.9333;304.3826;22.1453;972.2768;418.7653;42.623238;-8.964584;17.7792;448.4000;303.1400
293;1092;-0.4803;-2.1712;9.7443;2.4414;0.0666;-14.9925;-12.3446;-1.4976;147.2403;37.9469;33.2395;-47.8998;309.8483;22.1444;972.3725;417.9425;42.623348;-8.964602;20.5572;446.9000;345.2500
294;1091;-0.3789;-1.4012;9.9949;2.0918;-1.2817;-8.6004;-9.3958;-2.1094;135.3925;33.9242;30.5676;-46.2441;310.6358;22.1453;972.4795;417.0233;42.623436;-8.964559;28.3356;446.9000;8.1000
295;1191;-0.3681;-0.3673;9.9168;0.1272;-0.4628;-2.6245;-6.1514;-1.1865;129.2784;32.5538;29.1286;-47.6805;310.4283;22.1442;972.5856;416.1121;42.623501;-8.964503;31.5581;445.5000;25.5100
296;1091;-0.3902;-0.0918;9.9288;-1.5814;-1.0653;-0.5493;-3.7523;-0.3511;127.9283;31.6148;28.2170;-47.3445;310.3488;22.1450;972.6998;415.1308;42.623585;-8.964447;34.8546;444.6000;29.2600
297;1091;-0.3511;-0.5938;9.8692;1.6258;0.1110;-1.7922;-3.2145;0.5793;126.6489;32.1155;28.6470;-47.5853;310.3503;22.1452;972.8322;413.9931;42.623661;-8.964385;35.8547;443.7000;31.2000
298;1191;-0.5347;-0.5056;9.8399;-1.3529;-0.2035;-1.2665;-3.5207;1.0844;125.0331;30.0463;26.8420;-46.8651;310.3888;22.1457;972.9387;413.0780;42.623737;-8.964318;36.6140;442.7000;33.5700
299;1091;-0.3654;-0.4285;9.9101;1.0043;-0.3662;-0.4883;-4.1663;2.1019;123.6177;30.0051;28.0336;-46.4943;311.6767;22.1447;973.0215;412.3672;42.623814;-8.964247;37.4474;442.0000;34.8100
300;1091;-0.4637;1.8488;9.4881;-1.7256;1.3317;8.5838;0.6971;2.9059;128.2274;31.9416;28.8540;-47.6419;310.7107;22.1452;973.0974;411.7150;42.623894;-8.964172;38.4290;441.2000;35.3200
301;1157;-0.6221;1.3554;9.4814;-0.0763;0.9969;7.7464;4.3071;3.3659;138.3133;34.4682;31.2502;-48.8186;310.8156;22.1463;973.2001;410.8333;42.623981;-8.964110;38.4290;440.3000;35.3200
302;1091;-0.6112;-0.0039;9.7552;1.4094;0.6880;2.5413;3.8163;3.9496;144.2964;34.8565;31.6162;-48.0543;310.8215;22.1448;973.3105;409.8849;42.624187;-8.963995;40.6514;437.6000;25.0100
303;1218;-0.6356;-0.5048;9.9256;0.3611;-0.4985;-0.1780;1.6447;3.9967;145.6764;36.5249;33.1719;-47.2430;310.8665;22.1455;973.4752;408.4713;42.624298;-8.963947;41.7256;436.2000;22.2900
304;1164;-0.8326;-0.5220;9.9539;-0.7680;0.1373;0.1475;-1.7999;3.6749;145.0818;34.7040;31.0117;-49.5263;310.4041;22.1471;973.6583;406.8991;42.624413;-8.963906;43.0590;435.0000;20.0100
305;1190;-1.3059;-0.4514;9.8817;-0.4272;-0.6409;0.9460;-2.4115;4.6756;145.9222;35.7253;31.5456;-47.8697;310.0644;22.1460;973.8160;405.5451;42.624531;-8.963865;45.0777;433.7000;18.8200
306;1191;-1.5488;0.3776;9.8235;-1.5818;-0.2645;4.2928;-1.9633;6.5671;148.5713;35.8756;31.3009;-49.6200;309.7219;22.1463;973.9901;404.0503;42.624653;-8.963827;45.9666;432.7000;17.4500
307;1190;-1.2166;0.9459;9.9519;-0.5391;-0.8901;8.2143;0.7654;7.1732;156.3927;39.1141;32.3101;-48.7166;308.1796;22.1481;974.1913;402.3242;42.624912;-8.963806;46.6704;431.5000;7.5900
308;1191;-1.2609;0.3393;10.0620;0.1882;-1.1953;5.8899;2.7022;5.5531;165.3030;42.0259;31.9232;-47.7444;305.8357;22.1501;974.3491;400.9698;42.625053;-8.963859;47.7075;428.0000;356.7700
309;1091;-1.5069;-0.1344;9.7474;-0.1665;0.3884;2.6301;2.4135;6.2787;170.2072;43.0858;30.7880;-47.1531;304.1761;22.1498;974.4771;399.8724;42.625164;-8.963894;46.4667;426.7000;351.3800
310;1218;-2.3639;0.4917;9.5013;-1.4140;0.2543;4.6488;0.9425;8.7598;173.2603;44.7395;30.7501;-48.4052;303.0885;22.1500;974.6019;398.8015;42.625271;-8.963926;45.5592;425.6000;349.0400
311;1043;-2.4722;1.7749;9.6630;-1.0709;0.7657;16.0633;4.2912;11.2205;-108.6528;45.6509;27.2811;-48.0099;299.5122;22.1490;974.7443;397.5806;42.625370;-8.963968;44.5406;424.6000;345.6700
312;1091;-1.6539;1.8771;9.8513;-1.3039;-1.6535;19.8531;6.9509;9.7044;-155.4740;51.8417;24.0530;-48.5174;293.5284;22.1497;974.8656;396.5401;42.625458;-8.964025;42.4664;423.6000;339.7100
313;1091;-0.6882;2.4356;9.9105;-2.2805;-0.2330;24.8025;10.7726;4.1873;-129.4454;58.3902;16.1063;-49.1588;283.9996;22.1479;974.9557;395.7664;42.625523;-8.964086;39.4106;422.5000;334.9300
314;1191;-0.2309;1.1767;9.9264;-0.9766;-0.5544;14.4297;9.9399;0.3017;-107.3378;58.5987;7.0314;-49.3980;275.4166;22.1477;975.0615;394.8603;42.625576;-8.964265;35.1324;422.3000;312.5900
315;1090;0.4681;0.1109;9.9257;1.1819;-0.4772;4.5998;7.0952;-1.7089;-96.7321;60.6098;4.4870;-50.0871;272.8537;22.1468;975.1686;393.9413;42.625572;-8.964372;33.2990;420.4000;300.3100
316;1191;-0.2424;-0.3433;10.0791;-0.1068;-1.7649;-0.0763;3.7733;-2.9375;-94.8518;61.1794;3.2525;-49.0774;271.6500;22.1468;975.3022;392.7968;42.625504;-8.964482;30.6876;420.3000;279.0800
317;1191;-0.4582;-0.3238;9.7693;-0.8596;-0.1322;-0.4730;1.1559;-0.5869;-95.3549;59.4519;0.4258;-48.9688;269.0259;22.1469;975.4550;391.4862;42.625462;-8.964624;34.6509;420.1000;268.1000
318;1091;-0.5729;-0.3245;9.9253;0.0277;0.2497;-0.1332;-0.3126;1.3548;-95.7593;61.2632;2.9508;-49.6270;271.3618;22.1484;975.6094;390.1631;42.625416;-8.964788;40.0032;419.5000;261.4900
319;1191;-0.8518;-0.2237;9.7446;0.0559;-0.1017;-0.3611;-0.9526;2.6390;-96.1057;61.5013;2.0505;-51.4994;270.5101;22.1485;975.7644;388.8343;42.625370;-8.964959;44.1887;418.7000;258.0800
320;1091;-1.0005;-0.1723;9.7548;-1.9920;0.0277;0.3995;-1.6559;3.5591;-95.9781;61.8748;2.9929;-49.9304;271.3812;22.1479;975.9058;387.6229;42.625282;-8.965317;49.9855;417.7000;254.8900
321;1159;-1.6812;0.0634;9.7418;1.3835;0.3103;1.5971;-1.3747;6.2759;-95.2222;61.3934;3.1421;-48.7821;271.5460;22.1498;976.0602;386.2996;42.625244;-8.965489;50.2077;417.7000;253.7900
322;1091;-1.9763;0.3071;9.9566;0.8212;-0.8378;3.6177;0.0105;7.7638;-92.1438;59.8310;0.5452;-48.8015;269.1118;22.1489;976.2368;384.7862;42.625202;-8.965651;49.5410;414.7000;252.0100
323;1191;-1.7243;1.7103;9.6289;1.4089;-0.0051;8.2448;4.1537;8.5863;-85.7579;59.2194;-3.3080;-49.6081;265.4192;22.1504;976.4276;383.1531;42.625153;-8.965796;47.5223;414.0000;249.2300
324;1092;-1.0358;2.3556;9.5068;-1.1541;0.6880;12.4567;7.8447;7.4767;-73.8641;56.2384;-8.2840;-51.0895;260.2372;22.1498;976.5717;381.9181;42.625118;-8.965926;44.3739;413.1000;248.1100
325;1190;-0.2839;2.1426;10.0193;-0.8647;-0.6765;13.1836;10.5688;3.3028;-58.5947;54.1399;-11.5359;-50.9487;256.5196;22.1500;976.6827;380.9673;42.625065;-8.966044;41.9293;411.9000;243.8000
326;1191;0.4207;1.2824;9.5528;-0.9155;-0.1119;8.3110;9.9751;-1.0464;-45.6253;50.7949;-14.0173;-50.2009;253.1835;22.1490;976.7632;380.2782;42.624996;-8.966138;38.7438;410.9000;236.7700
327;1091;0.5486;-0.1270;10.1371;3.1350;-0.5216;0.3884;7.0772;-2.6048;-41.7845;52.0672;-13.0719;-50.8233;254.5242;22.1481;976.8062;379.9102;42.624775;-8.966223;38.7438;410.9000;206.2400
328;1191;-0.0610;0.1830;9.7904;-1.6632;0.3560;0.5798;4.5886;-2.4706;-41.0861;50.6555;-15.0460;-50.8763;252.0297;22.1494;976.8513;379.5246;42.624641;-8.966257;43.1516;408.0000;198.0500
329;1218;0.0893;0.1603;9.6445;0.5798;0.4222;0.1729;2.5182;-0.9123;-40.7304;50.2844;-14.8049;-50.6783;252.1786;22.1509;976.9216;378.9217;42.624516;-8.966306;46.0037;407.8000;196.4900
330;1064;-0.3519;0.1575;9.0248;-0.2663;2.2361;0.5993;1.4627;1.0352;-40.2534;50.6798;-13.0772;-49.9333;254.1430;22.1515;976.9810;378.4144;42.624386;-8.966357;48.7817;407.8000;195.8100
331;1197;-0.5479;0.3086;9.7310;0.3662;0.4781;0.4730;1.9519;2.6289;-39.5979;50.4076;-12.7610;-49.9392;254.4029;22.1531;977.0763;377.5983;42.624260;-8.966405;50.1151;407.2000;194.8700
332;1164;-0.7257;0.3984;10.3722;0.6409;-2.1311;0.1984;2.7681;2.4600;-39.2322;50.7514;-14.4486;-50.6790;252.6897;22.1530;977.2006;376.5340;42.624123;-8.966455;52.5968;406.5000;194.4200
333;1091;-1.5839;-0.0779;10.0797;-0.1998;-0.8046;-1.6646;2.7666;2.8884;-39.6332;52.2796;-14.6030;-51.1035;253.0053;22.1533;977.3505;375.2509;42.623852;-8.966557;54.8377;406.1000;195.2400
334;1190;-1.8060;-0.6659;9.7151;1.1698;-0.2289;-5.1371;0.7906;5.8296;-43.7544;56.0899;-13.3459;-52.1539;255.2299;22.1549;977.4660;374.2625;42.623722;-8.966615;55.2081;405.6000;197.4300
335;1191;-1.0109;-2.2319;9.8247;-1.7497;0.4222;-12.3952;-4.7932;6.9589;-54.3636;58.6084;-11.1537;-51.9084;257.8211;22.1554;977.5695;373.3765;42.623600;-8.966673;53.8006;405.1000;198.6300
336;1191;0.0064;-1.1389;9.7278;1.7548;-0.2899;-7.5022;-9.1864;4.6120;-67.7733;58.0427;-8.8336;-51.1421;259.9593;22.1557;977.6326;372.8367;42.623486;-8.966746;52.6338;404.3000;202.4900
337;1190;0.1109;0.1061;9.7908;-1.4750;0.3001;-0.9918;-6.2485;0.6317;-71.9920;58.7773;-7.8740;-51.1645;260.9645;22.1558;977.7103;372.1723;42.623371;-8.966830;52.5042;403.4000;205.3100
338;1191;-0.7640;0.2193;9.6891;-2.0396;0.2136;-0.7375;-2.3900;1.4346;-72.3074;59.6719;-6.8680;-51.4708;262.0197;22.1579;977.8271;371.1724;42.623257;-8.966947;54.5784;402.4000;210.5300
339;1218;-1.5795;0.0459;9.9085;-1.1698;0.1729;-0.1170;-1.4813;4.0910;-72.8622;59.5643;-6.3248;-50.3620;262.5369;22.1580;977.9658;369.9861;42.623035;-8.967201;57.2824;399.8000;216.5900
340;1064;-1.3951;-2.0554;9.3989;2.0086;1.1819;-7.3187;-4.5868;7.3329;-76.8833;60.7500;-3.1652;-49.3772;265.6264;22.1575;978.1277;368.6017;42.622940;-8.967321;55.6711;399.0000;217.8600
341;1170;-0.8817;-1.8662;9.8566;0.0661;-0.8799;-8.1431;-8.0067;6.0255;-86.5883;59.8636;-2.3046;-49.2483;266.4080;22.1595;978.2636;367.4389;42.622852;-8.967459;55.5785;398.0000;220.5800
342;1218;-0.6671;-0.6576;9.8379;1.0529;-0.1272;-1.7141;-8.4270;4.1048;-92.4248;61.9450;1.6418;-50.0209;270.1232;22.1580;978.4233;366.0739;42.622803;-8.967642;55.8563;397.4000;228.9400
343;1163;-0.4159;-0.1132;9.9623;0.4781;0.4781;0.8087;-4.5763;3.9757;-92.1602;60.7082;1.1433;-49.3963;269.6593;22.1572;978.5812;364.7230;42.622814;-8.967831;53.5969;395.9000;240.2500
344;1190;-0.6998;-0.1380;9.6848;0.2848;0.2187;0.0203;-2.6321;3.8210;-92.0860;61.1067;1.2550;-50.0504;269.7666;22.1566;978.7220;363.5191;42.622742;-8.968175;52.6524;394.6000;245.9300
345;1091;-1.3133;1.3394;10.0488;2.3637;-0.7158;4.9882;1.1586;4.8470;-89.9251;61.7986;0.0768;-51.0310;268.6817;22.1569;978.8965;362.0276;42.622688;-8.968345;52.8376;392.7000;246.1800
346;1190;-1.0735;1.9312;9.8961;-4.4301;-1.0274;7.5073;4.7882;4.8743;-81.7497;59.7240;-3.6494;-50.4280;265.1183;22.1560;979.1007;360.2828;42.622627;-8.968515;53.4487;391.8000;245.7400
347;1190;-0.4183;0.9786;10.5776;1.2563;-2.0091;4.6844;6.7580;2.1423;-74.8901;58.4829;-7.9994;-51.1243;260.8060;22.1567;979.2689;358.8451;42.622555;-8.968674;52.8931;390.9000;242.7400
348;1091;-0.1092;0.8618;10.1650;-1.3539;-1.4815;2.9741;6.1918;0.0744;-70.8828;58.2720;-10.1543;-51.5443;258.7077;22.1559;979.3747;357.9417;42.622471;-8.968820;52.3375;389.9000;239.7800
349;1191;0.7369;1.8231;9.8969;-1.6174;-0.8799;7.2581;6.1377;-2.3621;-64.9590;56.2917;-13.0150;-52.0021;255.5504;22.1542;979.4050;357.6826;42.622383;-8.968954;51.6338;389.2000;236.4400
350;1091;0.9409;0.5555;9.7456;0.8212;0.0000;3.2903;5.9226;-4.5518;-58.7434;54.1971;-15.2053;-52.3220;252.9037;22.1541;979.3846;357.8564;42.622261;-8.969068;51.6338;388.2000;236.4400
351;1169;0.8466;-0.0638;9.7418;0.9969;0.4934;-0.0916;4.5959;-4.4440;-57.3619;55.2747;-14.5581;-51.9353;253.8394;22.1548;979.3149;358.4522;42.621998;-8.969264;52.3190;388.2000;218.0400
352;1217;0.2193;0.3744;9.7825;-1.1393;-0.0458;-0.0966;3.8063;-4.0466;-57.1600;56.8672;-13.8687;-52.7238;254.8893;22.1559;979.2400;359.0927;42.621861;-8.969378;55.2452;384.6000;215.3700
353;1065;-0.5764;0.5494;9.8222;-1.9143;-0.3385;0.7102;2.4060;-1.6440;-57.0021;55.5359;-15.1099;-52.5957;253.3575;22.1579;979.1822;359.5863;42.621727;-8.969493;56.8749;383.9000;214.7200
354;1091;-0.5425;-0.0918;10.2659;-1.0099;-1.0764;-0.1942;1.1910;0.0589;-56.5821;54.5128;-16.1986;-52.6699;252.0079;22.1589;979.1293;360.0381;42.621609;-8.969612;56.9860;383.5000;215.3800
355;1191;-0.4366;0.2189;9.8459;-0.0102;-0.3255;0.7731;0.2353;1.0574;-56.8437;56.4917;-15.0004;-52.8938;253.7381;22.1595;979.0666;360.5745;42.621490;-8.969722;56.1526;383.3000;215.2400
356;1091;0.0187;0.4911;9.4263;0.1498;0.9433;2.0696;1.3523;1.3653;-54.7374;53.3750;-17.5545;-53.4318;250.3963;22.1589;978.9610;361.4768;42.621384;-8.969825;54.3377;382.9000;214.6000
357;1191;-0.2472;-0.3074;9.8718;-1.8311;0.5493;0.2187;0.0838;1.7427;-53.4407;52.3126;-17.4895;-52.8052;250.1130;22.1595;978.8433;362.4824;42.621265;-8.969914;54.3377;382.5000;214.6000
358;1091;-0.9466;-0.2854;9.8326;1.1708;0.5937;0.5160;-1.0392;2.6567;-53.3491;53.1109;-16.1016;-52.0123;251.7179;22.1608;978.7683;363.1239;42.621040;-8.970080;50.6522;382.0000;209.0500
359;1091;-2.0080;0.1610;9.5516;0.6936;0.8545;2.9963;-0.5778;6.7316;-51.3596;53.2465;-14.7658;-51.3788;253.1130;22.1588;978.7162;363.5688;42.620964;-8.970141;45.2258;381.3000;206.3800
360;1191;-1.7558;1.1660;9.8630;1.0935;-0.5035;8.0821;3.4584;9.6487;-45.1442;50.7874;-16.2265;-51.5920;250.8460;22.1581;978.7006;363.7033;42.620869;-8.970185;42.1886;380.9000;200.8100
361;1190;-0.1866;2.1505;9.7454;0.2289;-0.4781;16.9881;7.8127;5.5943;-30.2916;45.8182;-17.4389;-51.2659;247.6246;22.1593;978.6944;363.7560;42.620781;-8.970213;39.2809;380.3000;193.2400
362;1064;0.4824;2.3708;9.9510;-0.0055;-1.5259;20.3691;11.0587;-1.0342;-8.4660;37.5979;-17.4703;-51.1405;243.6199;22.1580;978.6829;363.8540;42.620705;-8.970230;36.0955;380.0000;188.5600
363;1191;1.1405;1.9037;9.9045;0.6510;-1.0935;16.5660;11.3635;-7.2620;12.7080;32.2591;-13.9412;-51.6819;245.3186;22.1563;978.6508;364.1290;42.620628;-8.970212;34.6324;379.7000;175.5800
364;1191;1.5412;-0.0646;9.7980;-0.1577;-0.1373;3.5044;6.7703;-9.4144;24.1058;28.3495;-12.3008;-51.1195;245.0373;22.1562;978.5857;364.6848;42.620499;-8.970071;38.5772;378.9000;146.3300
365;1218;1.4706;0.1132;9.8423;0.3357;0.6002;1.5055;4.3739;-9.7710;26.4478;29.2360;-11.3440;-50.8371;247.3474;22.1547;978.4875;365.5251;42.620449;-8.969978;39.2624;378.7000;138.2500
366;1064;0.1227;-0.3049;9.3815;-1.5814;2.7632;0.1276;0.8939;-5.5920;27.3759;29.5877;-8.8415;-50.4566;251.9275;22.1571;978.3834;366.4139;42.620422;-8.969873;38.3549;379.4000;129.6200
367;1190;-0.4849;-0.1519;9.4168;0.2085;1.6886;0.6968;-0.6422;-0.2916;27.4159;27.2803;-8.5708;-48.7264;251.1489;22.1563;978.3106;367.0372;42.620373;-8.969774;37.6326;379.4000;128.2400
368;1190;-0.6795;-0.0845;9.9125;1.8463;-0.4171;0.0916;1.2776;2.1648;28.1026;29.9105;-6.6834;-48.6523;255.9853;22.1591;978.2861;367.2470;42.620327;-8.969673;36.9474;379.6000;126.2200
369;1191;-0.7608;-0.6416;9.8171;0.4730;0.1068;-3.7333;0.0444;3.0203;26.2344;30.6147;-6.5526;-48.0008;256.5392;22.1597;978.2798;367.3000;42.620277;-8.969576;36.0399;379.4000;126.5800
370;1190;-0.7337;-1.6106;9.7151;0.5137;0.1475;-10.9406;-3.1718;3.6021;17.8377;30.9054;-11.1758;-48.4978;248.7115;22.1590;978.2731;367.3583;42.620174;-8.969408;31.9840;379.4000;131.3200
371;1196;-0.4394;-1.8004;9.8108;0.7426;-0.0814;-14.4246;-6.4398;2.2540;1.9432;38.5435;-13.0040;-48.8973;249.9758;22.1580;978.2758;367.3352;42.620129;-8.969357;27.1503;380.0000;136.5700
372;1164;-0.6408;-2.1154;9.8494;-0.1577;0.0305;-17.2272;-8.4288;0.8006;-16.7885;44.1337;-15.5625;-49.2941;249.2191;22.1581;978.2812;367.2880;42.620018;-8.969322;29.5764;380.6000;155.7300
373;1191;-0.6954;-2.0146;9.9224;0.8036;-0.9308;-16.1082;-10.4279;-0.4637;-36.7227;51.4562;-14.2762;-50.8028;253.0720;22.1597;978.2993;367.1336;42.619946;-8.969323;27.9467;379.7000;170.7000
374;1091;-1.1036;-1.7183;9.8296;0.7158;0.1387;-12.8840;-10.4770;-0.0904;-53.1938;53.9826;-13.4845;-51.2802;254.5439;22.1610;978.3213;366.9461;42.619881;-8.969348;26.9096;379.8000;185.6200
375;1091;-1.0118;-1.5843;9.7073;0.0444;0.2386;-9.8322;-10.6642;1.6769;-65.0760;57.3263;-8.5321;-49.9711;260.1369;22.1602;978.3738;366.4965;42.619808;-8.969375;26.9096;379.1000;185.6200
376;1191;-0.8896;-0.1025;9.7238;1.0325;0.1678;-1.3326;-8.2196;2.3991;-72.9886;57.2671;-8.2257;-50.0328;260.3944;22.1589;978.4229;366.0765;42.619663;-8.969471;31.5951;379.1000;203.3300
377;1091;-1.1658;1.2324;9.8579;0.0444;-0.5438;10.3982;-1.6470;4.5284;-66.9397;56.9960;-9.5390;-50.2401;259.0924;22.1600;978.4887;365.5138;42.619606;-8.969521;30.3358;377.7000;205.5900
378;1091;-0.4763;1.5247;9.8070;-1.3095;1.4094;16.1854;3.1011;4.6332;-52.0502;51.9485;-13.2755;-50.5733;254.2502;22.1595;978.5421;365.0583;42.619553;-8.969565;28.8356;377.5000;206.0800
379;1091;-0.4633;1.1067;9.6225;-1.6646;0.5216;14.6484;4.8754;3.6619;-34.0152;46.0839;-13.7375;-49.5536;252.0275;22.1616;978.5980;364.5794;42.619503;-8.969574;26.2614;376.0000;199.8200
380;1091;-0.4233;0.3071;9.7521;-1.2152;0.2386;8.1177;2.8754;2.4095;-22.4406;41.8457;-13.4764;-47.8776;250.7561;22.1619;978.6508;364.1289;42.619442;-8.969586;25.4650;375.1000;194.2200
381;1197;-0.8406;0.2026;9.6816;0.6307;0.2441;5.9967;2.7086;3.1567;-13.8148;38.0917;-14.1802;-47.7597;248.1801;22.1617;978.7340;363.4173;42.619377;-8.969589;25.4280;374.7000;188.4200
382;1192;-0.7246;-0.7349;9.8195;0.8901;-0.4476;0.1882;0.9453;3.7582;-9.8415;37.5258;-14.3140;-49.4738;247.7229;22.1604;978.8349;362.5547;42.619297;-8.969557;27.1318;374.2000;177.0500
383;1064;-0.3136;-0.7547;9.8348;2.1473;-0.4661;-2.4192;-1.0132;2.8300;-11.7244;39.4805;-13.8658;-48.6276;249.2704;22.1607;978.9097;361.9145;42.619186;-8.969503;27.1503;374.2000;167.3800
384;1090;-0.3315;-0.3454;9.9744;1.4038;-0.7879;-0.8933;-1.3683;1.5461;-13.8033;39.8088;-15.5510;-49.5272;247.2522;22.1601;978.9982;361.1592;42.619083;-8.969479;31.0210;372.2000;166.0200
385;1191;-0.3294;0.2377;9.8662;-0.2238;-0.3713;1.8311;-0.4330;1.1952;-12.9236;40.4663;-15.3577;-48.9830;247.8216;22.1622;979.0897;360.3776;42.618984;-8.969458;33.6323;371.8000;167.5500
386;1091;-0.3080;0.4020;9.9844;1.2484;-0.8767;1.6202;1.3094;1.0097;-11.1272;39.8516;-16.2916;-50.2679;246.3651;22.1612;979.1624;359.7562;42.618893;-8.969436;35.7066;371.2000;167.5800
387;1191;-0.3166;0.4035;9.8646;-0.4323;0.0356;1.3885;2.1625;1.0194;-9.2601;40.3429;-15.6126;-49.5576;247.4397;22.1609;979.2206;359.2585;42.618801;-8.969404;37.3734;370.8000;165.6000
388;1091;-0.2997;0.1144;9.8792;-2.5635;-0.5993;0.8323;0.5243;1.1950;-8.0645;38.9806;-15.9157;-49.9546;246.3772;22.1593;979.2557;358.9582;42.618710;-8.969371;38.2253;370.5000;164.1500
389;1190;-0.3198;0.5451;9.8327;0.8138;0.0305;4.4149;0.4376;1.5372;-5.1796;37.1193;-15.6602;-50.1007;245.6938;22.1600;979.2862;358.6972;42.618618;-8.969333;38.6142;369.9000;163.1600
390;1091;-0.4463;0.6495;9.6303;-1.5148;1.0542;5.1547;2.5903;1.8682;1.0692;36.0532;-14.0259;-49.9808;247.3323;22.1605;979.3327;358.3002;42.618439;-8.969236;40.1328;369.5000;155.9100
391;1110;-0.6229;-0.4151;9.7745;0.1984;0.8189;0.4018;1.7358;3.3133;4.4389;34.0601;-13.7903;-48.8257;246.4948;22.1637;979.3718;357.9658;42.618355;-8.969182;39.5402;369.5000;153.4100
392;1217;-1.1827;-1.1401;9.2282;0.8494;2.0752;-4.7201;-1.4113;5.6538;1.6351;34.3315;-13.6424;-48.7797;246.9368;22.1636;979.4328;357.4451;42.618271;-8.969128;39.0772;369.1000;154.0900
393;1192;-1.2262;-1.5616;9.7446;1.0681;-0.1068;-7.6599;-4.5822;7.0129;-6.1926;39.8163;-11.9325;-47.4129;251.9093;22.1609;979.5164;356.7307;42.618179;-8.969078;39.0216;368.5000;156.4700
394;1164;-1.3654;-1.5819;9.5324;0.0305;0.4222;-8.9315;-6.9319;6.5685;-16.3765;43.1888;-12.4879;-47.5417;252.4501;22.1619;979.6166;355.8742;42.618088;-8.969042;39.0402;367.4000;161.2900
395;1091;-1.4534;-1.1998;9.6517;-0.5993;-1.0099;-7.7515;-8.0440;6.2367;-26.3742;46.4241;-13.2563;-49.1731;252.6773;22.1617;979.7324;354.8852;42.617996;-8.969036;38.6327;367.0000;170.3400
396;1190;-1.5943;-0.8075;9.9392;-0.0661;-0.6917;-4.4963;-6.9182;5.8337;-32.8894;49.5159;-12.6830;-49.2248;254.2485;22.1617;979.8477;353.9008;42.617924;-8.969045;38.6327;366.0000;170.3400
397;1191;-2.8655;-0.0427;9.9376;1.7446;-0.5086;-0.7629;-4.1020;8.8632;-36.6330;49.4802;-13.9418;-49.2307;252.8571;22.1617;979.9736;352.8258;42.617783;-8.969094;31.2247;365.4000;192.1100
398;1091;-3.1847;0.1666;9.7065;-2.1973;-0.8656;1.0542;-1.4916;12.6857;-35.7705;48.2323;-16.9446;-51.8529;249.2286;22.1629;980.1132;351.6339;42.617729;-8.969115;27.7615;365.1000;192.6400
399;1091;-0.6216;-0.1949;9.6669;-0.3440;-3.1017;-0.6658;-1.8192;10.8270;-35.6541;42.9269;-11.0702;-49.0237;254.9456;22.1632;980.1875;350.9995;42.617683;-8.969132;23.7797;364.9000;193.9000
400;1091;0.3824;-0.2145;9.7782;1.1264;-0.7324;-0.7990;-1.7658;5.6570;-36.5810;47.2957;-16.7099;-49.7948;249.1567;22.1621;980.2355;350.5898;42.617645;-8.969149;20.9091;365.1000;193.7500
401;1157;1.0348;-0.4315;9.8239;-0.3611;-0.7935;-0.6663;-1.7491;-0.4189;-36.7406;48.8955;-15.2036;-50.5836;251.2986;22.1633;980.2424;350.5300;42.617592;-8.969167;20.8720;365.0000;193.7600
402;1091;0.9609;-0.8744;9.7835;1.2817;0.2552;-3.7786;-2.6672;-3.3568;-39.5298;49.7980;-15.1566;-50.5136;251.6782;22.1628;980.2502;350.4636;42.617535;-8.969187;22.0573;364.9000;193.7400
403;1191;0.8785;-0.8577;9.7609;0.3764;0.7121;-4.6539;-2.3740;-4.0576;-44.2708;52.0707;-13.6400;-49.7408;253.9267;22.1613;980.2620;350.3632;42.617477;-8.969214;22.0573;365.0000;193.7400
404;1091;0.6303;-1.1145;9.8470;1.3705;-0.0999;-6.0536;-3.2305;-4.1029;-50.8228;55.9392;-10.9538;-50.5482;257.5303;22.1624;980.2731;350.2684;42.617348;-8.969287;26.6688;363.3000;203.1600
405;1191;0.2253;-0.4055;9.9463;0.3815;-0.0712;-3.4231;-2.8702;-3.9153;-56.4720;55.6987;-11.7819;-50.8671;256.6202;22.1629;980.3012;350.0283;42.617271;-8.969353;31.3173;360.9000;211.5700
406;1091;-0.4498;-0.7465;9.9979;-0.8434;-0.1720;-2.6966;-3.5920;-2.0005;-59.7067;55.1927;-12.1065;-50.9754;256.1994;22.1627;980.3411;349.6875;42.617195;-8.969430;34.3361;359.5000;215.4600
407;1218;-0.6731;-0.5347;9.7972;-1.6123;-0.5849;-0.2747;-5.1549;0.6729;-61.5340;55.9259;-9.7897;-50.2236;258.6743;22.1640;980.4061;349.1328;42.617123;-8.969512;36.0399;358.5000;217.5200
408;1164;-0.6751;-0.4618;9.8782;0.4832;-0.2340;0.2136;-3.9839;2.0526;-61.3463;55.7715;-10.4140;-50.3909;258.0373;22.1636;980.4589;348.6823;42.617050;-8.969599;37.5030;357.6000;219.0100
409;1091;-0.9279;-0.7578;9.9440;1.3816;-0.2996;-0.4272;-3.5526;2.6132;-61.1659;55.7897;-10.6579;-50.4385;257.7485;22.1630;980.5082;348.2612;42.616974;-8.969682;37.5030;356.9000;219.0100
410;1190;-1.8858;-1.3646;9.7003;1.9379;0.2085;-5.5796;-3.6649;5.7120;-64.3140;55.5823;-11.8095;-51.4829;256.6204;22.1621;980.5562;347.8513;42.616817;-8.969855;39.4291;356.2000;219.2900
411;1163;-0.8865;-2.3072;9.8275;1.1546;-0.0203;-13.2751;-7.7220;6.4275;-76.1362;58.6530;-7.8095;-51.5817;260.9669;22.1622;980.6063;347.4243;42.616760;-8.969931;36.9474;356.0000;221.1400
412;1191;0.3697;-2.3360;9.7043;0.1373;-0.1628;-14.7095;-11.1786;1.9427;-93.2643;62.7185;0.5548;-49.8609;269.1292;22.1633;980.6248;347.2653;42.616707;-8.970026;36.6696;355.5000;225.9700
413;1218;0.6476;-2.0034;9.6935;-1.2207;0.4374;-10.1878;-12.3509;-2.5690;-107.7933;63.0523;7.4841;-49.6905;275.3777;22.1654;980.6508;347.0441;42.616737;-8.970152;35.4102;353.9000;244.9500
414;1064;0.2749;-1.1745;9.7856;0.4938;1.1208;-3.8896;-10.2512;-3.8028;-115.7919;61.8488;10.0434;-50.0247;277.8379;22.1660;980.6508;347.0443;42.616745;-8.970284;36.8178;353.0000;256.7000
415;1191;-0.6408;-0.3852;9.4658;1.4445;0.9155;-1.0529;-7.0006;-0.3470;-119.0456;61.8793;12.2527;-49.7804;279.8021;22.1652;980.6847;346.7551;42.616760;-8.970426;38.8550;352.3000;265.5400
416;1091;-0.6264;0.5155;8.9922;-5.9593;1.5814;1.7534;-4.5618;2.3845;-118.3238;61.1498;11.6649;-49.7034;279.3726;22.1640;980.7421;346.2645;42.616772;-8.970724;41.4107;352.3000;272.4200
417;1091;-0.8979;0.2040;9.7613;-4.7219;-0.1776;3.2016;-3.5990;4.1758;-115.2880;59.7608;11.0371;-48.2566;279.0775;22.1645;980.8337;345.4830;42.616776;-8.970870;40.6514;351.1000;273.2600
418;1091;-1.5730;0.5525;9.4703;-0.1165;-1.2484;5.6263;-1.5481;5.4757;-110.4575;59.5961;8.6125;-48.0632;276.7819;22.1644;980.9778;344.2536;42.616772;-8.971021;41.5959;350.5000;271.2400
419;1191;-1.7881;0.6899;10.1102;0.8901;-1.6429;8.0770;0.6610;6.4064;-102.5876;59.8249;5.5241;-49.3223;273.8795;22.1633;981.1247;342.9998;42.616756;-8.971164;41.3737;350.1000;267.2600
420;1091;-1.4442;0.8831;10.0036;2.3804;-1.1652;9.4272;3.6150;6.8719;-92.3231;58.7693;0.7938;-49.3533;269.3428;22.1634;981.2458;341.9668;42.616734;-8.971298;39.5958;349.5000;263.4700
421;1168;-1.3323;0.4534;9.7585;-1.6734;0.0051;6.6274;4.8582;6.4233;-82.4799;58.9792;-1.8663;-49.5419;266.7971;22.1646;981.3746;340.8683;42.616703;-8.971418;36.7252;348.7000;258.6000
422;1191;-1.0204;-0.5499;9.6533;0.7782;0.6714;1.5310;2.0746;6.4769;-77.8047;56.3165;-5.0931;-49.4330;263.4342;22.1631;981.4935;339.8539;42.616665;-8.971522;33.8360;347.8000;251.4900
423;1191;-1.0025;-0.5004;9.8140;-0.3204;0.2899;1.0986;-0.4367;6.4796;-76.4442;58.4660;-3.2866;-49.1756;265.3987;22.1631;981.6142;338.8245;42.616581;-8.971734;33.5582;347.8000;246.9300
424;1191;-1.1995;-0.3980;9.6816;-4.0181;-0.6866;0.9664;-2.0151;7.2038;-75.2417;57.1489;-4.4019;-50.2337;264.2070;22.1631;981.7113;337.9963;42.616535;-8.971837;33.6323;345.8000;245.0200
425;1091;-0.4254;0.2197;9.7691;-1.2429;-0.3274;3.8397;-1.0697;5.8302;-72.5143;55.3624;-6.7415;-49.9175;261.6529;22.1613;981.8242;337.0344;42.616489;-8.971934;33.2990;345.2000;242.5600
426;1190;-0.4721;1.5935;9.6126;-1.0020;0.5341;10.0454;2.3923;4.2320;-64.1812;56.0823;-6.9467;-49.6994;261.5363;22.1625;981.9478;335.9801;42.616436;-8.972032;33.3545;344.5000;240.7700
427;1190;-0.4127;1.6477;9.8383;-0.2950;0.0305;10.4268;5.3032;3.1407;-52.1269;50.7842;-10.9537;-48.9850;256.3700;22.1640;982.0821;334.8346;42.616356;-8.972116;33.8916;343.7000;233.0600
428;1191;-0.5555;2.6550;9.9260;-2.4312;-1.3224;14.6281;6.8381;0.8752;-37.7357;46.6575;-13.1479;-49.5395;252.8718;22.1631;982.2294;333.5795;42.616287;-8.972189;33.8916;343.3000;233.0600
429;1218;-0.4813;2.2115;10.1924;0.1272;-0.7070;12.3901;10.5171;-1.1188;-20.8681;42.7678;-13.1086;-47.9582;251.5298;22.1626;982.3959;332.1605;42.616055;-8.972227;33.9472;341.6000;199.7800
430;1164;-0.3346;0.3752;10.0157;0.3204;-0.2136;3.7079;8.7767;-0.8345;-12.0209;40.8876;-12.8639;-48.8049;251.1561;22.1629;982.5609;330.7539;42.615852;-8.972171;43.6516;341.4000;178.6600
431;1196;-0.5686;-0.5076;10.0688;0.4832;-0.3001;-0.8087;4.5717;0.9471;-10.9827;38.5764;-15.1415;-48.6908;247.1209;22.1634;982.7139;329.4502;42.615723;-8.972136;46.2815;341.2000;172.8800
432;1064;-1.6600;-1.1789;9.4185;1.1153;0.9655;-4.2003;0.4709;3.7299;-13.5536;40.7258;-14.7422;-49.6176;248.7207;22.1640;982.8465;328.3208;42.615604;-8.972087;46.9482;340.9000;169.1000
433;1091;-1.7862;-2.4174;9.9131;-2.4747;-0.0111;-9.4272;-5.2659;7.8103;-21.1447;42.5272;-14.9848;-49.0503;249.1517;22.1653;982.9995;327.0171;42.615482;-8.972064;47.9298;340.4000;170.3300
434;1091;-1.3298;-3.3061;10.1576;3.6177;-0.0499;-12.6065;-10.5054;7.3748;-33.2856;47.9296;-12.3374;-48.7116;254.1322;22.1652;983.1454;325.7733;42.615376;-8.972051;47.9298;339.6000;170.3300
435;1190;-0.5906;-2.8268;10.1138;3.9012;-1.5869;-11.6679;-13.5562;3.2671;-47.8047;51.8035;-12.6682;-49.8584;254.7726;22.1657;983.3044;324.4195;42.615162;-8.972101;43.9850;339.6000;187.8000
436;1190;-0.3649;-1.1851;10.1066;0.1526;-0.9460;-4.9235;-11.0880;0.5127;-56.5128;56.7284;-9.3661;-50.6666;259.2382;22.1676;983.4572;323.1187;42.615044;-8.972160;46.2630;337.4000;194.5900
437;1090;-0.3663;-0.3846;10.0480;0.1776;-0.3551;-1.7201;-7.3229;0.4894;-60.0922;56.2500;-10.4828;-51.0342;258.0414;22.1648;983.5749;322.1167;42.614925;-8.972241;48.2446;336.4000;201.1500
438;1190;-0.5260;-0.5435;10.1023;0.3357;-0.7019;-1.3529;-4.5840;1.0634;-61.6919;57.1756;-9.3398;-50.2024;259.3380;22.1639;983.6670;321.3329;42.614845;-8.972357;48.0779;335.8000;211.2600
439;1218;-0.2831;0.2157;9.4754;-3.0518;-0.4120;-0.6053;-2.7704;1.5495;-62.9269;57.2212;-9.2454;-50.9067;259.4244;22.1650;983.7855;320.3238;42.614735;-8.972461;49.6892;335.0000;213.0100
440;1164;-0.3346;0.0479;10.2897;0.4374;-1.2767;0.5290;-0.9187;1.5495;-62.5204;56.5507;-10.2839;-50.4469;258.2705;22.1652;983.9017;319.3344;42.614624;-8.972579;49.6892;334.3000;213.0100
441;1170;-0.4697;-0.1053;10.0440;1.6581;0.1068;0.6460;-1.0657;1.5967;-62.0361;55.9669;-10.4989;-50.6749;257.9627;22.1684;983.9845;318.6299;42.614422;-8.972819;52.5783;333.1000;217.9300
442;1191;-0.2704;-0.1886;9.6808;-0.1780;0.4425;-0.1272;-0.8945;2.0119;-61.5912;55.1344;-11.4151;-50.4474;256.8927;22.1674;984.0366;318.1861;42.614323;-8.972934;52.4486;332.4000;218.1200
443;1091;-0.4650;-0.0352;9.8070;0.4827;0.4661;0.0943;-0.2087;2.5064;-61.8176;56.2594;-10.6643;-51.0353;257.8672;22.1641;984.0876;317.7516;42.614220;-8.973056;52.9302;331.7000;219.0000
444;1218;-0.3541;-0.1671;10.0078;2.8992;-0.3560;-0.1322;0.3502;2.3909;-61.7953;56.8132;-10.0387;-51.0484;258.5743;22.1650;984.1700;317.0500;42.614113;-8.973179;53.8006;330.9000;219.3100
445;1164;-0.6057;-0.0913;10.1964;2.6601;-0.6612;-0.5951;0.9196;2.1744;-62.3923;58.1728;-10.4363;-51.6829;258.4300;22.1656;984.2599;316.2852;42.613998;-8.973312;55.1340;330.2000;220.0600
446;1091;-1.2032;-1.3324;9.7060;-2.9075;0.5327;-5.4987;-1.0477;3.7149;-65.4356;59.7104;-8.2879;-50.8794;260.6975;22.1651;984.3114;315.8479;42.613785;-8.973577;56.0045;329.5000;221.1000
447;1190;-1.3458;-1.9037;9.8008;1.2665;0.2848;-8.0617;-5.6136;5.9006;-73.6839;60.6569;-5.2632;-51.3915;263.6531;22.1650;984.3895;315.1833;42.613689;-8.973699;54.8748;329.5000;221.1400
448;1091;-0.6364;-1.9467;9.7369;-1.6313;-0.5493;-9.4826;-8.8834;5.0118;-83.8936;61.9029;-1.7107;-51.9857;267.0351;22.1654;984.4880;314.3449;42.613632;-8.973841;53.9117;327.5000;225.2200
449;1091;-0.5029;-1.7875;9.6099;-0.2441;0.1443;-7.3853;-10.4080;3.2295;-92.9478;60.1253;-0.0689;-50.0833;268.5445;22.1663;984.5809;313.5545;42.613605;-8.973990;52.3375;326.3000;230.9100
450;1091;-0.5151;-1.4799;9.9775;-0.1998;0.0388;-5.5986;-10.0055;1.9695;-100.1379;62.7538;5.2210;-50.4622;273.3658;22.1673;984.6888;312.6364;42.613689;-8.974174;51.3374;323.1000;246.1400
451;1160;-0.3401;-0.2895;10.0628;-1.6378;-1.5157;-1.5208;-7.4785;1.0464;-104.1870;62.3941;5.7207;-50.7207;273.8203;22.1707;984.8191;311.5288;42.613628;-8.974349;52.3560;322.7000;247.1100
452;1218;-0.4853;-0.4219;9.9499;-0.9918;-1.1444;-1.0579;-4.8317;1.2717;-105.2188;62.2164;5.7605;-50.2955;273.8794;22.1690;984.9374;310.5225;42.613586;-8.974541;54.3932;323.0000;250.3100
453;1164;-0.5886;-0.2584;9.7514;2.2736;-0.1882;-0.1678;-3.2039;1.6013;-105.8047;61.4823;5.3747;-50.0535;273.5958;22.1687;985.0510;309.5560;42.613537;-8.974931;56.0415;322.6000;256.5000
454;1091;-0.8413;-0.8378;9.8335;1.0431;0.8989;-2.1418;-3.1291;3.4048;-107.2460;61.3663;6.2911;-49.8009;274.4699;22.1695;985.1627;308.6063;42.613503;-8.975126;56.9675;322.1000;257.2700
455;1091;-0.8139;-0.7530;9.1958;0.1443;1.1874;-3.1516;-3.5815;4.8340;-110.1100;62.9851;9.1772;-50.6450;276.9037;22.1708;985.2811;307.5990;42.613491;-8.975322;56.3934;321.4000;260.0600
456;1091;-1.2968;-1.8579;10.0288;-0.3218;0.2386;-6.0314;-5.6080;6.1209;-115.0913;61.2230;10.2644;-50.1769;278.1123;22.1725;985.3875;306.6939;42.613483;-8.975513;54.6155;320.4000;262.8100
457;1190;-1.4774;-1.7123;9.3953;0.8138;0.4171;-6.7139;-8.0507;6.6389;-122.6468;62.7760;14.9345;-51.3559;282.0095;22.1722;985.5511;305.3033;42.613525;-8.975704;52.9857;319.7000;270.7700
458;1190;-0.5631;-2.1071;10.3048;3.4841;-1.0885;-6.9580;-9.4666;5.0322;-130.7121;59.9433;16.9254;-50.2452;284.3194;22.1710;985.7507;303.6067;42.613544;-8.975881;50.7633;319.3000;274.4100
459;1191;-0.4630;-2.1601;10.0121;0.7579;-0.5188;-6.8359;-10.6989;2.2115;-138.8585;58.5162;19.1029;-49.8807;286.6808;22.1709;985.9092;302.2597;42.613564;-8.976050;49.9114;318.3000;277.2000
460;1218;-0.6049;-0.7154;9.2888;-2.0040;-0.3815;-2.5838;-10.2109;1.5642;-144.9467;57.0088;21.8136;-49.2596;289.5224;22.1721;986.0646;300.9390;42.613697;-8.976394;53.0598;317.4000;291.0700
461;1042;-0.4246;0.4072;9.7513;-1.1597;0.1554;2.5968;-6.1908;2.2577;-144.5506;56.6945;21.9386;-48.8604;289.7736;22.1747;986.2083;299.7193;42.613785;-8.976572;55.1711;316.0000;296.2400
462;1190;-0.6348;0.2556;10.3020;-3.6926;-0.9562;3.3518;-2.5648;2.6967;-140.8122;56.3942;19.8219;-48.8286;287.9407;22.1719;986.3142;298.8188;42.613857;-8.976751;57.5972;315.0000;297.8400
463;1190;-1.0806;0.5483;9.6887;-1.9989;1.1393;4.3233;0.1726;3.9995;-136.0927;58.0479;19.0630;-49.0096;286.7832;22.1695;986.4458;297.7009;42.613922;-8.976937;59.1529;314.1000;297.0800
464;1191;-2.5991;0.0694;9.5412;0.1526;-0.0966;2.3346;0.8240;7.3357;-132.0168;58.8165;18.0247;-48.8778;285.6323;22.1727;986.6290;296.1454;42.613987;-8.977122;59.3751;313.4000;296.7900
465;1218;-2.0955;-0.5575;9.4515;-0.4527;0.2085;0.1119;-0.7224;10.6256;-130.5716;59.8206;18.1669;-49.1840;285.5086;22.1722;986.8605;294.1794;42.614044;-8.977305;58.8195;312.5000;296.0200
466;1064;-1.8440;-0.4907;9.9201;-3.6566;-0.2608;0.0943;-1.7793;10.4065;-130.3937;59.7337;17.2282;-49.9006;284.6997;22.1715;987.0282;292.7549;42.614147;-8.977651;56.4490;310.9000;295.5500
467;1191;-1.1979;0.2759;9.4359;1.1393;0.5951;3.0772;-1.2071;10.1541;-128.6206;58.2801;15.7631;-48.5311;283.7484;22.1725;987.1725;291.5294;42.614193;-8.977803;54.0043;309.7000;295.8800
468;1091;-0.4620;0.4124;9.6795;-1.7589;-0.3607;4.2059;0.2562;6.8120;-124.1915;58.5329;13.4580;-49.2800;281.5392;22.1735;987.3118;290.3479;42.614227;-8.977950;51.4671;308.6000;294.6300
469;1218;-0.3453;0.5595;9.2904;-0.6866;0.7884;4.3844;0.5814;4.3767;-119.2012;59.8674;12.1854;-49.1256;280.0792;22.1727;987.4193;289.4350;42.614246;-8.978099;49.8929;307.5000;291.5900
470;1164;-0.3856;0.1292;9.8132;-2.1464;-0.2747;3.0721;0.8253;3.3298;-114.4830;60.0890;10.7164;-48.6042;278.7177;22.1729;987.5094;288.6705;42.614250;-8.978247;48.8187;306.5000;286.8100
471;1197;-0.3912;-0.3202;9.7765;-0.5951;0.3001;2.5431;-0.7887;2.8802;-111.3341;60.1535;9.9715;-48.3127;278.0240;22.1712;987.6080;287.8335;42.614254;-8.978408;49.1706;305.4000;282.9300
472;1163;-0.6424;-0.4390;9.8231;-0.9410;0.1170;1.4954;-1.2639;3.4282;-108.7354;60.6723;10.0295;-48.3024;278.0032;22.1707;987.7098;286.9688;42.614254;-8.978728;48.3557;302.7000;277.5300
473;1191;-0.7261;0.0550;9.3661;0.7985;0.3560;2.5279;-1.7198;4.4669;-106.5385;59.9648;9.0523;-48.0517;277.2012;22.1704;987.8314;285.9382;42.614243;-8.978874;46.1704;301.6000;274.2500
474;1191;-1.3889;0.3884;9.7047;-1.4801;0.4374;5.0964;-0.6853;5.3284;-102.1651;59.6687;7.2493;-48.0593;275.5438;22.1700;987.9724;284.7419;42.614216;-8.979029;46.8741;299.9000;269.7200
475;1091;-1.3398;0.5007;9.3398;0.4494;0.1276;5.1381;1.1021;6.0714;-96.0110;60.2082;4.9949;-47.9555;273.3605;22.1716;988.1620;283.1334;42.614189;-8.979190;47.1334;298.8000;265.6400
476;1190;-0.7477;0.0211;9.7191;-1.1851;-1.5055;3.8147;1.0785;5.8406;-90.5003;58.7069;2.1497;-47.2023;270.7072;22.1719;988.3394;281.6290;42.614155;-8.979340;45.3925;297.9000;261.2000
477;1191;-1.1640;0.4985;10.3595;0.7833;-1.0834;6.2154;0.3159;5.0633;-85.8444;58.3273;0.5553;-47.8549;269.1610;22.1709;988.4955;280.3042;42.614117;-8.979485;45.3925;296.8000;261.2000
478;1191;-0.9191;1.5532;10.1645;-2.2430;-1.7497;10.9202;4.1446;5.0331;-74.9977;58.1123;-2.4868;-48.7003;266.1594;22.1694;988.6544;278.9576;42.614033;-8.979777;44.8740;295.0000;252.4100
479;1218;-0.3605;2.2080;10.9249;2.2786;-1.6683;13.7380;7.5948;1.9308;-60.3323;54.3183;-8.3060;-49.2346;259.8417;22.1685;988.8414;277.3719;42.613968;-8.979906;43.6702;293.9000;245.8600
480;1064;-0.4041;2.3582;10.1184;-0.7602;-1.7423;12.5067;10.4230;-0.8035;-45.7341;49.5692;-12.4115;-49.3796;254.5574;22.1685;989.0202;275.8557;42.613895;-8.980017;41.5959;292.7000;239.2100
481;1196;-0.1966;1.2417;9.5237;0.0966;0.6104;7.5785;10.1202;-2.1643;-34.0343;46.5898;-13.6837;-49.4824;252.2195;22.1682;989.1205;275.0056;42.613800;-8.980096;39.2439;291.4000;229.0900
482;1064;-0.2701;-0.6812;10.2833;1.8810;-0.2275;1.2984;5.1241;-0.6132;-29.8788;45.3413;-14.5194;-49.6800;250.8543;22.1662;989.2250;274.1198;42.613579;-8.980102;46.4852;290.9000;201.0200
483;1191;-0.4127;-0.1751;9.6656;-0.2696;-0.2543;0.9308;2.2435;0.6061;-28.8840;45.1678;-15.1966;-49.6151;249.9788;22.1664;989.3254;273.2692;42.613426;-8.980121;46.4852;290.1000;201.0200
484;1091;-0.5494;0.2353;9.6477;-1.1097;0.5549;1.8366;1.4252;2.1009;-27.1188;45.5797;-14.0056;-49.7306;251.5119;22.1672;989.4221;272.4503;42.613140;-8.980161;53.6710;288.1000;188.0100
485;1191;-0.6213;-0.2301;9.8187;2.1718;-0.1322;0.7985;0.7324;2.8592;-25.6833;44.4028;-15.1008;-49.7970;249.8188;22.1685;989.5422;271.4319;42.612999;-8.980177;54.4303;286.9000;187.1400
486;1091;-0.7504;-0.2706;9.7434;-1.0986;-0.6436;0.2053;-0.2687;2.9678;-25.0338;45.0883;-14.5613;-49.8395;250.6906;22.1681;989.6795;270.2690;42.612858;-8.980187;55.0044;285.8000;186.0500
487;1190;-0.6045;-0.1408;9.6712;1.7802;0.3662;0.1526;-0.0284;3.4227;-24.8950;44.6874;-15.4040;-49.1166;249.5714;22.1695;989.8002;269.2461;42.612713;-8.980185;55.4118;284.5000;183.4400
488;1190;-0.9136;0.1846;9.4064;-2.6754;-0.7172;0.2747;0.2147;3.8361;-24.5673;45.7472;-14.3534;-49.7686;251.1783;22.1700;989.9248;268.1909;42.612568;-8.980185;55.7637;283.6000;181.9200
489;1191;-1.3063;-0.2417;9.6588;0.3357;0.5900;-0.2696;-0.7402;4.8157;-24.6973;44.7198;-14.6475;-48.3082;250.4662;22.1700;990.0397;267.2171;42.612419;-8.980181;56.5045;282.8000;180.6700
490;1091;-1.8240;0.0653;9.6055;0.9211;0.8157;0.7546;-0.5863;7.5611;-24.7901;44.9806;-14.8054;-49.0942;250.3852;22.1704;990.1848;265.9891;42.612137;-8.980180;55.7267;281.1000;180.6000
491;1169;-1.8164;-0.2026;9.7836;1.0427;0.3103;0.0559;0.3003;9.5439;-23.7602;45.3745;-14.0302;-50.3269;251.4340;22.1717;990.3457;264.6261;42.612000;-8.980182;54.9674;280.2000;179.9900
492;1191;-0.7317;0.0327;9.4471;-0.1119;0.3103;-0.3916;0.2792;8.5835;-24.2679;44.9373;-15.2374;-49.5337;249.8681;22.1721;990.5109;263.2275;42.611866;-8.980183;54.2636;279.2000;180.0600
493;1091;-0.5390;-0.1805;9.8322;0.2608;-0.1443;-1.5259;0.4874;6.1039;-25.1847;45.7146;-15.3500;-49.3234;250.0527;22.1724;990.6562;261.9971;42.611736;-8.980185;53.2080;278.2000;180.8300
494;1218;-0.9247;0.3633;9.4782;0.7477;0.1577;-0.1933;0.9590;5.1370;-26.0788;47.4880;-13.7586;-49.4882;252.4382;22.1729;990.8130;260.6701;42.611603;-8.980197;53.1154;277.3000;182.5500
495;1164;-1.8431;-0.4542;9.8993;0.2950;-0.0458;-2.2329;0.0412;6.2888;-27.3193;46.8311;-14.9059;-48.1953;250.9553;22.1729;990.9560;259.4603;42.611477;-8.980203;52.4486;276.5000;182.3700
496;1091;-2.3204;-0.1079;9.5373;0.2386;-0.4827;-1.4537;-0.6537;9.4098;-30.0786;49.1375;-12.9533;-48.8733;253.8478;22.1736;991.0927;258.3037;42.611252;-8.980235;49.2817;276.5000;184.5800
497;1091;-2.1590;-0.7565;9.8439;1.6646;-0.6104;-5.0160;0.0005;10.4460;-32.4376;49.9529;-13.9786;-50.4312;252.9726;22.1726;991.2300;257.1410;42.611183;-8.980270;44.8369;274.6000;189.2600
498;1091;-1.3124;-1.8436;9.5647;-0.5882;0.3662;-11.3747;-5.1286;10.1559;-42.0786;51.0215;-12.6889;-48.3039;254.6271;22.1724;991.3661;255.9901;42.611076;-8.980315;44.4850;274.0000;194.7700
499;1091;-1.4486;-2.3021;10.0654;1.8422;-0.0999;-13.0948;-9.5087;7.1601;-55.7212;54.3709;-10.4302;-48.8933;257.7487;22.1729;991.4853;254.9811;42.610973;-8.980354;43.8739;273.0000;196.7800
500;1191;-1.2445;-2.8025;9.8183;2.8127;0.6053;-15.4724;-11.9563;5.7756;-71.5860;60.3045;-3.3671;-48.4744;265.3682;22.1728;991.6208;253.8347;42.610867;-8.980407;44.3924;271.8000;199.1200
501;1189;-0.8665;-3.3361;9.9543;3.8808;-1.8616;-18.2241;-14.2058;1.1407;-91.5857;62.4472;3.3134;-50.7404;271.6304;22.1740;991.7645;252.6194;42.610756;-8.980490;46.3000;270.8000;205.3900
502;1064;-1.1036;-2.5722;10.1650;3.3680;-0.8822;-14.1269;-12.9928;-0.9673;-108.9130;63.1218;9.9775;-49.5556;277.5853;22.1752;991.8995;251.4780;42.610714;-8.980597;44.9480;270.6000;216.0300
503;1191;-1.6636;-2.6534;9.7402;-2.3092;0.0051;-15.6097;-13.0582;1.0254;-125.0258;62.6390;18.1134;-49.6173;284.7405;22.1745;992.0130;250.5185;42.610744;-8.980703;44.9480;268.5000;216.0300
504;1091;-1.1297;-2.0537;9.7535;1.2207;-0.5438;-13.8661;-12.5744;1.3393;-142.0103;56.2944;20.7590;-48.8858;288.8534;22.1735;992.1195;249.6176;42.610813;-8.980877;25.3909;265.2000;248.1700
505;1191;-0.9997;-1.9755;9.6796;1.3377;-0.1780;-12.6038;-11.6519;1.4983;-156.8010;52.7209;26.1289;-47.5411;294.9879;22.1721;992.2200;248.7680;42.610928;-8.980961;23.4648;265.2000;278.6600
506;1091;-1.0105;-1.6187;9.9222;0.9377;-0.6714;-10.2317;-9.7109;2.0984;-169.5959;51.2941;30.9723;-50.2376;299.7545;22.1721;992.3102;248.0050;42.610970;-8.981030;22.8352;264.7000;294.4300
507;1191;-1.0224;-0.4689;9.8363;0.1882;-0.9715;-5.7424;-7.3714;2.3886;30.2985;46.0621;30.3581;-48.9243;302.0107;22.1707;992.4156;247.1139;42.611057;-8.981081;23.2611;263.4000;318.6000
508;1191;-0.9387;0.1164;9.7019;-1.7700;-0.8850;-0.6205;-3.9029;3.2460;177.6329;47.3961;32.8097;-48.4590;303.3097;22.1709;992.5561;245.9271;42.611149;-8.981130;26.9836;262.1000;329.9900
509;1190;-1.0611;-0.6962;9.6361;-1.7090;1.0223;-0.9155;-6.0429;4.4270;176.3329;43.8430;31.9400;-48.3465;304.6847;22.1705;992.6794;244.8850;42.611221;-8.981171;26.9836;261.3000;329.9900
510;1218;-1.0854;-0.0566;9.8100;0.5951;-0.0661;4.1351;-5.3362;5.6946;147.7492;42.6790;30.7091;-47.2619;304.3593;22.1706;992.7970;243.8909;42.611393;-8.981230;31.0766;259.4000;343.6800
511;1042;-0.8618;1.2246;9.8757;-0.4883;0.7102;11.5911;-0.9988;5.8927;-173.0342;45.4781;29.8360;-47.8813;301.9078;22.1729;992.9339;242.7340;42.611462;-8.981271;30.5950;258.1000;339.5300
512;1190;-1.2808;2.1330;9.6130;-2.6499;0.5951;15.8386;5.0175;5.9111;-156.8349;51.6887;27.4819;-49.6887;296.5679;22.1736;993.0555;241.7064;42.611565;-8.981355;36.7066;257.2000;329.9900
513;1091;-1.4812;1.4895;10.1780;-3.2182;-0.2885;13.3556;7.3908;6.2462;-139.5044;54.9028;22.4457;-48.9592;290.8321;22.1724;993.2031;240.4594;42.611641;-8.981454;39.5032;256.1000;320.6300
514;1091;-1.4586;0.7491;9.4415;0.1665;-0.3940;9.4771;6.4030;6.0699;-127.3171;57.0622;18.5725;-48.7051;286.6165;22.1729;993.3845;238.9274;42.611698;-8.981561;39.8736;255.0000;313.5600
515;1091;-1.6844;1.3694;10.1685;-7.0190;-2.0419;11.4968;4.6073;5.6210;-116.5195;59.2390;14.2638;-48.7378;282.1426;22.1711;993.5767;237.3044;42.611744;-8.981670;39.8365;253.9000;309.2800
516;1191;-1.7773;2.2351;10.1362;-4.2877;-2.4109;17.7205;6.9424;5.0867;-99.6634;57.5713;5.6006;-48.1028;274.1429;22.1696;993.7679;235.6897;42.611774;-8.981777;38.4475;252.7000;305.3800
517;1191;-0.5391;2.5062;10.0987;-2.6093;-2.8076;19.1294;7.6071;1.6013;-78.3440;54.3768;-2.5421;-48.4901;265.8606;22.1711;993.9451;234.1935;42.611736;-8.981989;32.5952;250.2000;287.2400
518;1217;-0.4458;2.0054;10.0779;-1.9938;-1.7751;15.8742;8.6870;-1.7802;-57.2644;51.2104;-9.1172;-48.1458;258.4440;22.1717;994.1163;232.7482;42.611702;-8.982084;30.3728;248.7000;279.2100
519;1164;-0.5774;0.0183;9.7187;-1.5157;-0.7935;6.2154;5.5275;-1.3284;-44.6187;47.5994;-11.6370;-48.7510;254.8516;22.1704;994.2738;231.4188;42.611652;-8.982135;23.3352;246.7000;273.6500
520;1091;-0.3972;-0.3885;9.7130;-0.0055;-0.7990;3.6399;1.2869;-0.0544;-39.6027;47.1454;-11.5288;-48.7320;254.8753;22.1704;994.4039;230.3215;42.611584;-8.982186;20.5572;245.0000;261.9300
521;1170;-0.4430;0.4478;9.8953;-0.5442;-0.3866;5.2846;1.7656;0.7677;-34.6298;44.1649;-14.2707;-48.8560;250.7045;22.1713;994.5522;229.0692;42.611507;-8.982244;21.1128;243.7000;246.8800
522;1191;-0.3820;0.6141;9.4303;2.9806;0.0356;4.5115;3.3943;1.2204;-28.5352;44.7206;-12.9348;-47.7938;252.4696;22.1722;994.7166;227.6820;42.611267;-8.982311;26.5947;242.6000;208.5800
523;1218;-0.8466;-0.1045;9.6596;-2.7415;-0.6663;1.8005;1.3454;1.7427;-25.0566;43.2925;-13.5255;-48.1136;251.2688;22.1734;994.9203;225.9636;42.611122;-8.982339;31.9285;241.8000;194.7400
524;1064;-0.5660;0.1388;10.3081;1.6535;-1.0099;3.0462;0.8759;2.6113;-22.1944;42.7225;-13.6619;-48.7952;250.8795;22.1741;995.1217;224.2643;42.610985;-8.982349;35.8362;241.2000;188.9800
525;1091;-0.4054;-0.1035;10.0849;0.7713;-0.3995;2.4192;0.2207;2.2986;-19.7045;42.0736;-13.7077;-48.8191;250.5327;22.1739;995.2894;222.8510;42.610870;-8.982350;37.1141;240.0000;185.6300
526;1190;-0.2018;0.2504;9.8702;1.1495;0.1068;2.5991;1.0561;1.8375;-16.3142;40.8119;-14.6022;-49.1043;248.9135;22.1739;995.4546;221.4573;42.610744;-8.982345;38.8364;238.8000;182.0700
527;1218;-0.4119;-0.1360;9.9101;-0.3204;0.6358;1.8463;1.2538;1.7596;-13.7032;40.3814;-13.4714;-47.9116;250.1098;22.1757;995.6214;220.0509;42.610596;-8.982320;42.5960;237.5000;177.0900
528;1164;-0.6588;-0.1743;9.4292;0.9104;1.1495;0.7477;0.5397;3.0794;-12.3010;39.6347;-14.2711;-49.5998;248.8002;22.1757;995.7890;218.6381;42.610218;-8.982224;54.5599;236.4000;168.1100
529;1091;-0.7530;-0.1001;9.6895;-0.8378;-0.6270;0.3329;-0.0395;3.6165;-11.5671;40.5292;-13.4589;-49.4857;250.2463;22.1734;995.9504;217.2767;42.610027;-8.982183;58.6528;233.7000;167.1200
530;1191;-0.6811;-0.3142;9.8403;1.2207;-0.6409;0.0000;-1.0565;3.9638;-11.5480;39.5995;-14.0619;-49.5722;249.0537;22.1744;996.1320;215.7467;42.609802;-8.982155;64.2274;232.2000;168.0400
531;1169;-0.6269;-0.1436;9.3925;-0.3967;0.4883;1.2105;-2.2289;4.2522;-10.6279;37.3352;-14.9536;-48.4976;246.7910;22.1743;996.3218;214.1474;42.609627;-8.982114;64.7274;231.0000;168.1400
